Strain,Label,Area_px,Area_micron,Length_px,Length_micron
ura3,ura3A,2269.379,5.6734475,127.80063,6.3900315
ura3,ura3A,1802.5703,4.50642575,95.35198,4.767599
ura3,ura3A,3410.9688,8.527422,196.4001,9.820005
ura3,ura3A,1757.8192,4.394548,132.40091,6.6200455
ura3,ura3A,2456.1016,6.140254,155.36087,7.7680435
ura3,ura3A,4636.0312,11.590078,229.98479,11.4992395
ura3,ura3A,875.25,2.188125,35.124554,1.7562277
ura3,ura3A,639.3125,1.59828125,38.83778,1.941889
ura3,ura3A,2136.3633,5.34090825,126.50692,6.325346
ura3,ura3A,1275.2988,3.188247,95.29428,4.764714
ura3,ura3A,2496.1562,6.2403905,164.78471,8.2392355
ura3,ura3A,1690.6602,4.2266505,126.1943,6.309715
ura3,ura3A,5440.703,13.6017575,326.84094,16.342047
ura3,ura3A,1804.7031,4.51175775,84.59315,4.2296575
ura3,ura3A,2138.7383,5.34684575,136.06248,6.803124
ura3,ura3A,1173.2812,2.933203,98.73702,4.936851
ura3,ura3A,3740.4219,9.35105475,216.53868,10.826934
ura3,ura3A,2599.3125,6.49828125,138.463,6.92315
ura3,ura3A,5914.4375,14.78609375,280.2231,14.011155
ura3,ura3A,2518.0625,6.29515625,145.5154,7.27577
ura3,ura3A,2159.2812,5.398203,126.75168,6.337584
ura3,ura3A,5525.7334,13.8143335,288.1406,14.40703
ura3,ura3A,1279.75,3.199375,46.238514,2.3119257
ura3,ura3A,4959.9062,12.3997655,294.0068,14.70034
ura3,ura3A,2211.9502,5.5298755,129.31357,6.4656785
ura3,ura3A,2681.6094,6.7040235,126.43575,6.3217875
ura3,ura3A,9541.121,23.8528025,526.05133,26.3025665
ura3,ura3A,5551.367,13.8784175,271.53268,13.576634
ura3,ura3A,3280.1094,8.2002735,200.50436,10.025218
ura3,ura3A,2131.625,5.3290625,125.39936,6.269968
ura3,ura3A,3895.8438,9.7396095,217.91054,10.895527
ura3,ura3A,3194.8281,7.98707025,270.00742,13.500371
ura3,ura3A,3856.3438,9.6408595,280.0714,14.00357
ura3,ura3A,1437.6875,3.59421875,68,3.4
ura3,ura3A,3639.543,9.0988575,208.71352,10.435676
ura3,ura3A,891.3135,2.22828375,56.82082,2.841041
ura3,ura3A,2338.5137,5.84628425,129.16646,6.458323
ura3,ura3A,2108.3984,5.270996,67.26812,3.363406
ura3,ura3A,2388.711,5.9717775,130.38405,6.5192025
ura3,ura3A,4846.3125,12.11578125,254.84897,12.7424485
ura3,ura3A,2764.4688,6.911172,148.60013,7.4300065
ura3,ura3A,2862.625,7.1565625,175.68437,8.7842185
ura3,ura3A,2889.2402,7.2231005,160.25185,8.0125925
ura3,ura3A,3043.5981,7.60899525,170.26157,8.5130785
ura3,ura3A,311.64062,0.77910155,23.345236,1.1672618
ura3,ura3A,2800.164,7.00041,180.94199,9.0470995
ura3,ura3A,3527.2695,8.81817375,211.62466,10.581233
ura3,ura3A,3128.8125,7.82203125,163.1104,8.15552
ura3,ura3A,1938.3817,4.84595425,78.72102,3.936051
ura3,ura3A,1911.2656,4.778164,89.157166,4.4578583
ura3,ura3A,2617.5781,6.54394525,144.73424,7.236712
ura3,ura3A,2224.2812,5.560703,110.76552,5.538276
ura3,ura3A,3202.0938,8.0052345,193.0026,9.65013
ura3,ura3A,1556.8438,3.8921095,95.524864,4.7762432
ura3,ura3A,3589.8408,8.974602,179.13683,8.9568415
ura3,ura3A,4698.922,11.747305,288.7213,14.436065
ura3,ura3A,3036.875,7.5921875,167.90474,8.395237
ura3,ura3A,3421.0625,8.55265625,261.00766,13.050383
ura3,ura3A,3480.2812,8.700703,190.06578,9.503289
ura3,ura3A,4220.1094,10.5502735,236.21178,11.810589
ura3,ura3A,3016.6172,7.541543,146.11298,7.305649
ura3,ura3A,3595.9453,8.98986325,157.62297,7.8811485
ura3,ura3A,1529.1875,3.82296875,72.12879,3.6064395
ura3,ura3A,2763.461,6.9086525,146.49174,7.324587
ura3,ura3A,2913.2969,7.28324225,157.62056,7.881028
ura3,ura3A,2814.254,7.035635,164.07315,8.2036575
ura3,ura3A,2698.8438,6.7471095,139.74261,6.9871305
ura3,ura3A,4224.4453,10.56111325,200.99751,10.0498755
ura3,ura3A,6365.1953,15.91298825,386.74667,19.3373335
ura3,ura3A,3824.5938,9.5614845,217.68095,10.8840475
ura3,ura3A,2832.375,7.0809375,155.32225,7.7661125
ura3,ura3A,1557.717,3.8942925,71.51224,3.575612
ura3,ura3A,3311.9453,8.27986325,183.60011,9.1800055
ura3,ura3A,2933.7656,7.334414,152.48607,7.6243035
ura3,ura3A,4794.2188,11.985547,283.02826,14.151413
ura3,ura3A,1366.0625,3.41515625,68.26419,3.4132095
ura3,ura3A,4648.1797,11.62044925,255.86325,12.7931625
ura3,ura3A,4600.375,11.5009375,230.532,11.5266
ura3,ura3A,4392.867,10.9821675,248.07257,12.4036285
ura3,ura3A,3041.0078,7.6025195,148.78844,7.439422
ura3,ura3A,1655.9375,4.13984375,79.81228,3.990614
ura3,ura3A,2474.378,6.185945,124.95199,6.2475995
ura3,ura3A,2672.9805,6.68245125,156.46086,7.823043
ura3,ura3A,3229.4922,8.0737305,191.68985,9.5844925
ura3,ura3A,3009,7.5225,166.43317,8.3216585
ura3,ura3A,1771.6406,4.4291015,104.7693,5.238465
ura3,ura3A,2600.2998,6.5007495,120.06665,6.0033325
ura3,ura3A,1694.1797,4.23544925,103.84604,5.192302
ura3,ura3A,2102.5938,5.2564845,132.13629,6.6068145
ura3,ura3A,4201.547,10.5038675,231.31148,11.565574
ura3,ura3A,3822.3125,9.55578125,143.56183,7.1780915
ura3,ura3A,3929.8828,9.824707,218.97945,10.9489725
ura3,ura3A,1210.8125,3.02703125,74.330345,3.71651725
ura3,ura3A,2068.8242,5.1720605,134.44777,6.7223885
ura3,ura3A,1891.3438,4.7283595,64.72032,3.236016
ura3,ura3A,3353.8477,8.38461925,177.55281,8.8776405
ura3,ura3A,3229.0469,8.07261725,184.08965,9.2044825
ura3,ura3A,3547.8281,8.86957025,205.20477,10.2602385
ura3,ura3A,5971.2715,14.92817875,328.9073,16.445365
ura3,ura3A,1533.8281,3.83457025,110.16805,5.5084025
ura3,ura3A,1742.5312,4.356328,90.24411,4.5122055
ura3,ura3A,4025.0742,10.0626855,220.23851,11.0119255
ura3,ura3A,1861.0312,4.652578,109.29318,5.464659
ura3,ura3A,1775.4531,4.43863275,97.62172,4.881086
ura3,ura3A,2333.1055,5.83276375,155.13947,7.7569735
ura3,ura3A,3447.4688,8.618672,222.15671,11.1078355
ura3,ura3A,3258.6797,8.14669925,182.10162,9.105081
ura3,ura3A,2232.3125,5.58078125,137.05838,6.852919
ura3,ura3A,3680.7969,9.20199225,157.03503,7.8517515
ura3,ura3A,885.25,2.213125,56.11959,2.8059795
ura3,ura3A,2345.6328,5.864082,165.1294,8.25647
ura3,ura3A,2071.0078,5.1775195,133.5365,6.676825
ura3,ura3A,3449.8057,8.62451425,201.08583,10.0542915
ura3,ura3A,6279.4375,15.69859375,347.85773,17.3928865
ura3,ura3A,2389.6406,5.9741015,133.50656,6.675328
ura3,ura3A,3332.8828,8.332207,137.13132,6.856566
ura3,ura3A,4194.961,10.4874025,236.34932,11.817466
ura3,ura3A,4669.9844,11.674961,257.7014,12.88507
ura3,ura3A,2987.6562,7.4691405,165.07574,8.253787
ura3,ura3A,2921.8438,7.3046095,152.74161,7.6370805
ura3,ura3A,2574.7812,6.436953,134.61798,6.730899
ura3,ura3A,2466.375,6.1659375,156.237,7.81185
ura3,ura3A,3919.0938,9.7977345,244.9653,12.248265
ura3,ura3A,4903,12.2575,311.1302,15.55651
ura3,ura3A,1859.6641,4.64916025,108.36073,5.4180365
ura3,ura3A,3477.957,8.6948925,188.93915,9.4469575
ura3,ura3A,5610.0938,14.0252345,339.20642,16.960321
ura3,ura3A,3338.4219,8.34605475,198.91959,9.9459795
ura3,ura3A,6284.0547,15.71013675,286.81876,14.340938
ura3,ura3A,8138.328,20.34582,259.30676,12.965338
ura3,ura3A,7221.8613,18.05465325,338.68127,16.9340635
ura3,ura3A,3189.0352,7.972588,167.37085,8.3685425
ura3,ura3A,3261.6094,8.1540235,179.201,8.96005
ura3,ura3A,2995.6777,7.48919425,184.01086,9.200543
ura3,ura3A,2361.4375,5.90359375,136.31215,6.8156075
ura3,ura3A,1552.3125,3.88078125,84.38009,4.2190045
ura3,ura3A,4277.789,10.6944725,265.64825,13.2824125
ura3,ura3A,2703.6562,6.7591405,135.63554,6.781777
ura3,ura3A,7991.9775,19.97994375,377.64136,18.882068
ura3,ura3A,4285.922,10.714805,149.64291,7.4821455
ura3,ura3A,3700.4688,9.251172,206.88644,10.344322
ura3,ura3A,4385.3438,10.9633595,286.9373,14.346865
ura3,ura3A,4392.8906,10.9822265,211.81123,10.5905615
ura3,ura3A,1039.3906,2.5984765,44.102154,2.2051077
ura3,ura3A,1637.0312,4.092578,81.908485,4.09542425
ura3,ura3A,1619.9258,4.0498145,71.6177,3.580885
ura3,ura3A,2768.7188,6.921797,170.88008,8.544004
ura3,ura3A,3117.3223,7.79330575,167.57925,8.3789625
ura3,ura3A,4606.4844,11.516211,262.83725,13.1418625
ura3,ura3A,2427.4697,6.06867425,104.62313,5.2311565
ura3,ura3A,4713.7656,11.784414,261.45172,13.072586
ura3,ura3A,4105.25,10.263125,254.88037,12.7440185
ura3,ura3A,5241.7656,13.104414,289.03287,14.4516435
ura3,ura3A,4143.7363,10.35934075,211.28653,10.5643265
ura3,ura3A,2780.461,6.9511525,143.09787,7.1548935
ura3,ura3A,3054.2031,7.63550775,166.67633,8.3338165
ura3,ura3A,2409.582,6.023955,137.05838,6.852919
ura3,ura3A,2501.5625,6.25390625,131.46863,6.5734315
ura3,ura3A,3618.75,9.046875,204.6265,10.231325
ura3,ura3A,4492.7266,11.2318165,250.74908,12.537454
ura3,ura3A,3080.875,7.7021875,148.86235,7.4431175
ura3,ura3A,2790.6328,6.976582,160.01562,8.000781
ura3,ura3A,2353.7031,5.88425775,130.24593,6.5122965
ura3,ura3A,3233.0938,8.0827345,201.43486,10.071743
ura3,ura3A,2935.454,7.338635,190.26122,9.513061
ura3,ura3A,2635,6.5875,122.23732,6.111866
ura3,ura3A,1611.875,4.0296875,76.941536,3.8470768
ura3,ura3A,6022.0234,15.0550585,342.28644,17.114322
ura3,ura3A,2006.3789,5.01594725,100.71743,5.0358715
ura3,ura3A,1340.0879,3.35021975,96.17692,4.808846
ura3,ura3A,5667.242,14.168105,338.60007,16.9300035
ura3,ura3A,2526.3281,6.31582025,158.26875,7.9134375
ura3,ura3A,2225.9062,5.5647655,113.81125,5.6905625
ura3,ura3A,2830.8984,7.077246,171.08185,8.5540925
ura3,ura3A,2060.6875,5.15171875,123.89108,6.194554
ura3,ura3A,2407.6016,6.019004,179.40178,8.970089
ura3,ura3A,3102.375,7.7559375,123.6487,6.182435
ura3,ura3A,2083.4375,5.20859375,151.17267,7.5586335
ura3,ura3A,3757.1875,9.39296875,226.92068,11.346034
ura3,ura3A,4006.664,10.01666,231.53401,11.5767005
ura3,ura3A,3573.004,8.93251,139.70326,6.985163
ura3,ura3A,1967.2812,4.918203,87.46428,4.373214
ura3,ura3A,3487.0625,8.71765625,213.77559,10.6887795
ura3,ura3A,5719.0312,14.297578,336.38074,16.819037
ura3,ura3A,2605.3125,6.51328125,147.13939,7.3569695
ura3,ura3A,1991.25,4.978125,119.1008,5.95504
ura3,ura3A,1863.5625,4.65890625,96.88137,4.8440685
ura3,ura3A,2262.875,5.6571875,146.4138,7.32069
ura3,ura3A,2731.7188,6.829297,139.35925,6.9679625
ura3,ura3A,3920.4355,9.80108875,216.08331,10.8041655
ura3,ura3A,3814.8047,9.53701175,183.0683,9.153415
ura3,ura3A,1755.0039,4.38750975,102.59105,5.1295525
ura3,ura3A,4145.3555,10.36338875,252.22983,12.6114915
ura3,ura3A,3898.0488,9.745122,277.832,13.8916
ura3,ura3A,1699.5,4.24875,124.50843,6.2254215
ura3,ura3A,1577.7148,3.944287,110.34878,5.517439
ura3,ura3A,3859.8984,9.649746,221.35266,11.067633
ura3,ura3A,3365.3047,8.41326175,147.64822,7.382411
ura3,ura3A,4300.4062,10.7510155,168.34488,8.417244
ura3,ura3A,4687.6562,11.7191405,219.18486,10.959243
ura3,ura3A,2211.6094,5.5290235,122,6.1
ura3,ura3A,2438.125,6.0953125,112.17843,5.6089215
ura3,ura3A,5989.5234,14.9738085,322.4066,16.12033
ura3,ura3A,4246.4375,10.61609375,214.97209,10.7486045
ura3,ura3A,4556.4688,11.391172,263.15396,13.157698
ura3,ura3A,5156.5,12.89125,284.11264,14.205632
ura3,ura3A,2036.9375,5.09234375,127.27922,6.363961
ura3,ura3A,2983.4922,7.4587305,114.28473,5.7142365
ura3,ura3A,4536.9575,11.34239375,253.87674,12.693837
ura3,ura3A,2868.0742,7.1701855,107.16809,5.3584045
ura3,ura3A,1948.1406,4.8703515,68.42514,3.421257
ura3,ura3A,3326.125,8.3153125,202.8916,10.14458
ura3,ura3A,2223.5977,5.55899425,147.085,7.35425
ura3,ura3A,9514.609,23.7865225,431.62253,21.5811265
ura3,ura3A,2409.2734,6.0231835,103.08631,5.1543155
ura3,ura3A,5527.3125,13.81828125,305.98367,15.2991835
ura3,ura3A,3579.1562,8.9478905,183.0683,9.153415
ura3,ura3A,4142.672,10.35668,207.6969,10.384845
ura3,ura3A,5781.7188,14.454297,280.3177,14.015885
ura3,ura3A,3433.2344,8.583086,163.37074,8.168537
ura3,ura3A,2501,6.2525,140.94325,7.0471625
ura3,ura3A,3267.3281,8.16832025,138.463,6.92315
ura3,ura3A,3075.1367,7.68784175,159.69975,7.9849875
ura3,ura3A,4850.147,12.1253675,297.41782,14.870891
ura3,ura3A,3867.041,9.6676025,219.78215,10.9891075
ura3,ura3A,4484.8154,11.2120385,247.5434,12.37717
ura3,ura3A,3025.166,7.562915,170.13823,8.5069115
ura3,ura3A,2593.4844,6.483711,130.92966,6.546483
ura3,ura3B,1853.8965,4.63474125,108.55874,5.427937
ura3,ura3B,2235.9297,5.58982425,109.42671,5.4713355
ura3,ura3B,1412.1758,3.5304395,52.89098,2.644549
ura3,ura3B,3285.9219,8.21480475,93.6394,4.68197
ura3,ura3B,3880.6562,9.7016405,200.31691,10.0158455
ura3,ura3B,3781.0625,9.45265625,188.6087,9.430435
ura3,ura3B,2315.2227,5.78805675,89.498604,4.4749302
ura3,ura3B,1680.6875,4.20171875,49.40648,2.470324
ura3,ura3B,4872.7246,12.1818115,266.5877,13.329385
ura3,ura3B,1813.5938,4.5339845,83.17546,4.158773
ura3,ura3B,2670.5,6.67625,97.73008,4.886504
ura3,ura3B,3555.2344,8.888086,162.87419,8.1437095
ura3,ura3B,1790.9658,4.4774145,110.16351,5.5081755
ura3,ura3B,2866.9688,7.167422,75,3.75
ura3,ura3B,446,1.115,42.201897,2.11009485
ura3,ura3B,3730.664,9.32666,123.23607,6.1618035
ura3,ura3B,6117.676,15.29419,361.66837,18.0834185
ura3,ura3B,5084.2188,12.710547,215.07674,10.753837
ura3,ura3B,3420.3877,8.55096925,183.95529,9.1977645
ura3,ura3B,3735.4453,9.33861325,176.98022,8.849011
ura3,ura3B,4026.2344,10.065586,166.22955,8.3114775
ura3,ura3B,3953.246,9.883115,187.25652,9.362826
ura3,ura3B,3216.789,8.0419725,89.02247,4.4511235
ura3,ura3B,1679.1484,4.197871,120.4201,6.021005
ura3,ura3B,3518.2031,8.79550775,194.24983,9.7124915
ura3,ura3B,1934.9766,4.8374415,137.43726,6.871863
ura3,ura3B,2103.6562,5.2591405,109.65856,5.482928
ura3,ura3B,0.25,0.000625,1.4142135,0.070710675
ura3,ura3B,5991.3438,14.9783595,229.96086,11.498043
ura3,ura3B,5510.707,13.7767675,288.99826,14.449913
ura3,ura3B,2470.0234,6.1750585,95.90099,4.7950495
ura3,ura3B,1318.9062,3.2972655,49.47727,2.4738635
ura3,ura3B,4717.3438,11.7933595,247.55202,12.377601
ura3,ura3B,3644.4062,9.1110155,158.27357,7.9136785
ura3,ura3B,1697.125,4.2428125,98.09557,4.9047785
ura3,ura3B,3328.6094,8.3215235,182.98088,9.149044
ura3,ura3B,5706.125,14.2653125,255.48581,12.7742905
ura3,ura3B,3451.25,8.628125,163.04907,8.1524535
ura3,ura3B,1110.3286,2.7758215,44.407207,2.22036035
ura3,ura3B,2727.0596,6.817649,174.97714,8.748857
ura3,ura3B,524.82324,1.3120581,32.649654,1.6324827
ura3,ura3B,3660.7422,9.1518555,164.80595,8.2402975
ura3,ura3B,2766.875,6.9171875,158.8364,7.94182
ura3,ura3B,3786.7344,9.466836,166.57716,8.328858
ura3,ura3B,3029.4062,7.5735155,157.08803,7.8544015
ura3,ura3B,1271.3438,3.1783595,72.11102,3.605551
ura3,ura3B,2516.2188,6.290547,92.32794,4.616397
ura3,ura3B,3019.125,7.5478125,177.05367,8.8526835
ura3,ura3B,2354.5156,5.886289,97.082436,4.8541218
ura3,ura3B,2447.3594,6.1183985,102.47439,5.1237195
ura3,ura3B,2308,5.77,128.22246,6.411123
ura3,ura3B,2433.3125,6.08328125,97.66984,4.883492
ura3,ura3B,3081.9258,7.7048145,149.6262,7.48131
ura3,ura3B,2037.4062,5.0935155,102.41582,5.120791
ura3,ura3B,3789.9531,9.47488275,190.4127,9.520635
ura3,ura3B,583.53125,1.458828125,36.40055,1.8200275
ura3,ura3B,4267.547,10.6688675,212.98122,10.649061
ura3,ura3B,2157.3203,5.39330075,119.22555,5.9612775
ura3,ura3B,2975.0234,7.4375585,161.21033,8.0605165
ura3,ura3B,5492.875,13.7321875,252.29912,12.614956
ura3,ura3B,2184.1953,5.46048825,126.31706,6.315853
ura3,ura3B,2365.2188,5.913047,141.67569,7.0837845
ura3,ura3B,3477.3008,8.693252,182.05374,9.102687
ura3,ura3B,2821.75,7.054375,142.555,7.12775
ura3,ura3B,3871.211,9.6780275,205.52615,10.2763075
ura3,ura3B,2987.625,7.4690625,150.01334,7.500667
ura3,ura3B,2382.1992,5.955498,120.33287,6.0166435
ura3,ura3B,2930.6172,7.326543,168.40428,8.420214
ura3,ura3B,3321.2031,8.30300775,152.89867,7.6449335
ura3,ura3B,3265.3438,8.1633595,226.43321,11.3216605
ura3,ura3B,3773.2812,9.433203,190.05789,9.5028945
ura3,ura3B,2613.625,6.5340625,147.89862,7.394931
ura3,ura3B,3194.7969,7.98699225,186.30083,9.3150415
ura3,ura3B,3695.8438,9.2396095,172.7339,8.636695
ura3,ura3B,4057.2188,10.143047,196.54262,9.827131
ura3,ura3B,4230.922,10.577305,188.28171,9.4140855
ura3,ura3B,3666.834,9.167085,193.14502,9.657251
ura3,ura3B,7938.672,19.84668,394.03174,19.701587
ura3,ura3B,2944.0469,7.36011725,139.84462,6.992231
ura3,ura3B,2564.3086,6.4107715,119.181015,5.95905075
ura3,ura3B,2119.8643,5.29966075,110,5.5
ura3,ura3B,3935.1406,9.8378515,205.10486,10.255243
ura3,ura3B,288.53516,0.7213379,33.970577,1.69852885
ura3,ura3B,1936.875,4.8421875,122.494896,6.1247448
ura3,ura3B,2744.8672,6.862168,94.60371,4.7301855
ura3,ura3B,2307.9766,5.7699415,96.973785,4.84868925
ura3,ura3B,1345.2051,3.36301275,58.249462,2.9124731
ura3,ura3B,2034.6289,5.08657225,83.761566,4.1880783
ura3,ura3B,3612.8047,9.03201175,166.2077,8.310385
ura3,ura3B,1933.375,4.8334375,110.67972,5.533986
ura3,ura3B,2613.2656,6.533164,154.46683,7.7233415
ura3,ura3B,5229.84,13.0746,221.68608,11.084304
ura3,ura3B,2077.4844,5.193711,103.15259,5.1576295
ura3,ura3B,1019.4375,2.54859375,43.011627,2.15058135
ura3,ura3B,2582.4102,6.4560255,131.24405,6.5622025
ura3,ura3B,1724.6582,4.3116455,90.21086,4.510543
ura3,ura3B,3479.5547,8.69888675,147.60567,7.3802835
ura3,ura3B,6254.5,15.63625,284.18478,14.209239
ura3,ura3B,2884.2236,7.210559,139.17615,6.9588075
ura3,ura3B,3158.2598,7.8956495,164.40195,8.2200975
ura3,ura3B,4151.5625,10.37890625,220.7306,11.03653
ura3,ura3B,601.0078,1.5025195,55.31727,2.7658635
ura3,ura3B,3784.5781,9.46144525,157.95253,7.8976265
ura3,ura3B,1256.3516,3.140879,43.841553,2.19207765
ura3,ura3B,1052.7754,2.6319385,83.761566,4.1880783
ura3,ura3B,2650.9375,6.62734375,121.313644,6.0656822
ura3,ura3B,1368.8594,3.4221485,102.30347,5.1151735
ura3,ura3B,4470.828,11.17707,173.03023,8.6515115
ura3,ura3B,2021.3438,5.0533595,106.37419,5.3187095
ura3,ura3B,2611.625,6.5290625,150.8648,7.54324
ura3,ura3B,4380.914,10.952285,244.16797,12.2083985
ura3,ura3B,4733.4297,11.83357425,255.2534,12.76267
ura3,ura3B,2448.8867,6.12221675,100.22475,5.0112375
ura3,ura3B,2388.4688,5.971172,142.00352,7.100176
ura3,ura3B,1655.0781,4.13769525,85.42833,4.2714165
ura3,ura3B,3764.1562,9.4103905,161.77516,8.088758
ura3,ura3B,3051.3281,7.62832025,161.33505,8.0667525
ura3,ura3B,1201.832,3.00458,74.88658,3.744329
ura3,ura3B,1888.3398,4.7208495,78.77182,3.938591
ura3,ura3B,3219.2188,8.048047,170.41713,8.5208565
ura3,ura3B,1820.4609,4.55115225,149.57607,7.4788035
ura3,ura3B,1602.4531,4.00613275,98.40732,4.920366
ura3,ura3B,3832.4844,9.581211,195.13329,9.7566645
ura3,ura3B,2055.8047,5.13951175,94.81754,4.740877
ura3,ura3B,3279.6836,8.199209,182.72658,9.136329
ura3,ura3B,3109.375,7.7734375,92.43917,4.6219585
ura3,ura3B,3076.5,7.69125,120.22063,6.0110315
ura3,ura3B,1980.4688,4.951172,172.66151,8.6330755
ura3,ura3B,2700.2969,6.75074225,116.284134,5.8142067
ura3,ura3B,3146.6562,7.8666405,144.93102,7.246551
ura3,ura3B,4227.5625,10.56890625,216.00462,10.800231
ura3,ura3B,1971.6562,4.9291405,71.14768,3.557384
ura3,ura3B,4541.172,11.35293,108.18965,5.4094825
ura3,ura3B,4134.6016,10.336504,196.86543,9.8432715
ura3,ura3B,2576.3281,6.44082025,132.28,6.614
ura3,ura3B,1935.0703,4.83767575,132.90974,6.645487
ura3,ura3B,1884.7422,4.7118555,138.70833,6.9354165
ura3,ura3B,685.11523,1.712788075,42.921455,2.14607275
ura3,ura3B,3357.3555,8.39338875,161.70445,8.0852225
ura3,ura3B,1705.1562,4.2628905,76.227715,3.81138575
ura3,ura3B,2619.5312,6.548828,146.24353,7.3121765
ura3,ura3B,4110.328,10.27582,91.04944,4.552472
ura3,ura3B,2595.9453,6.48986325,127.01575,6.3507875
ura3,ura3B,2262.9062,5.6572655,106.04244,5.302122
ura3,ura3B,2446.3164,6.115791,204.62894,10.231447
ura3,ura3B,4268.3438,10.6708595,223.66046,11.183023
ura3,ura3B,4982.3438,12.4558595,232.26064,11.613032
ura3,ura3B,2476.7344,6.191836,82.78053,4.1390265
ura3,ura3B,1587.8828,3.969707,95.01715,4.7508575
ura3,ura3B,4592.961,11.4824025,200.45778,10.022889
ura3,ura3B,3588.2344,8.970586,200.68384,10.034192
ura3,ura3B,1949.4062,4.8735155,150.41609,7.5208045
ura3,ura3B,2782.248,6.95562,168.66832,8.433416
ura3,ura3B,2949.7578,7.3743945,195.48914,9.774457
ura3,ura3B,3065.2344,7.663086,121.21056,6.060528
ura3,ura3B,3653.4414,9.1336035,168.0476,8.40238
ura3,ura3B,3439.5625,8.59890625,152.55164,7.627582
ura3,ura3B,4240.3125,10.60078125,98.23441,4.9117205
ura3,ura3B,2602.4375,6.50609375,152.01315,7.6006575
ura3,ura3B,1427.8984,3.569746,153.80832,7.690416
ura3,ura3B,4109.922,10.274805,211.22737,10.5613685
ura3,ura3B,841.60156,2.1040039,34.345486,1.7172743
ura3,ura3B,4152.1133,10.38028325,207.56845,10.3784225
ura3,ura3B,1820.8984,4.552246,92.17918,4.608959
ura3,ura3B,3309.8906,8.2747265,130.72873,6.5364365
ura3,ura3B,3277.4375,8.19359375,161.31956,8.065978
ura3,ura3B,6043.8926,15.1097315,286.52573,14.3262865
ura3,ura3B,3521.0781,8.80269525,168.60011,8.4300055
ura3,ura3B,2148.7427,5.37185675,117.51595,5.8757975
ura3,ura3B,4903.414,12.258535,302.95215,15.1476075
ura3,ura3B,2158.3594,5.3958985,105.81588,5.290794
ura3,ura3B,3833.1953,9.58298825,160.75136,8.037568
ura3,ura3B,3820.9062,9.5522655,148.22281,7.4111405
ura3,ura3B,844.03125,2.110078125,54.945545,2.74727725
ura3,ura3B,3545.8008,8.864502,133.2066,6.66033
ura3,ura3B,224.05469,0.560136725,21.84033,1.0920165
ura3,ura3B,5024.375,12.5609375,236.7636,11.83818
ura3,ura3B,3613.4688,9.033672,133.05638,6.652819
ura3,ura3B,3085.6875,7.71421875,152.01811,7.6009055
ura3,ura3B,4368.2734,10.9206835,249.2268,12.46134
ura3,ura3B,3546.1875,8.86546875,173.40416,8.670208
ura3,ura3C,3249.3281,8.12332025,220.32703,11.0163515
ura3,ura3C,2952.1406,7.3803515,126.81088,6.340544
ura3,ura3C,2567.336,6.41834,132.90974,6.645487
ura3,ura3C,3159.1406,7.8978515,191.65073,9.5825365
ura3,ura3C,1666.9531,4.16738275,68.307556,3.4153778
ura3,ura3C,3964.1206,9.9103015,197.73215,9.8866075
ura3,ura3C,1552.6328,3.881582,63.953106,3.1976553
ura3,ura3C,3596.4844,8.991211,161.60356,8.080178
ura3,ura3C,4306.9688,10.767422,182.57054,9.128527
ura3,ura3C,1989.707,4.9742675,130.11533,6.5057665
ura3,ura3C,5588.4062,13.9710155,268.628,13.4314
ura3,ura3C,4131.047,10.3276175,214.08409,10.7042045
ura3,ura3C,2930.8125,7.32703125,147.13939,7.3569695
ura3,ura3C,7876.135,19.6903375,270.4071,13.520355
ura3,ura3C,4915.1445,12.28786125,233.41808,11.670904
ura3,ura3C,4091.2812,10.228203,214.83249,10.7416245
ura3,ura3C,4942.1562,12.3553905,251.7181,12.585905
ura3,ura3C,3027.6797,7.56919925,154.98709,7.7493545
ura3,ura3C,4841.8467,12.10461675,226.92068,11.346034
ura3,ura3C,5709.297,14.2732425,254.95097,12.7475485
ura3,ura3C,1646.0703,4.11517575,91.787796,4.5893898
ura3,ura3C,6435.5312,16.088828,291.9863,14.599315
ura3,ura3C,3074.6484,7.686621,147.22092,7.361046
ura3,ura3C,3651.8438,9.1296095,81.90067,4.0950335
ura3,ura3C,10034.238,25.085595,361.24783,18.0623915
ura3,ura3C,4066.7559,10.16688975,226.86119,11.3430595
ura3,ura3C,2392.8945,5.98223625,116.46888,5.823444
ura3,ura3C,2009.5156,5.023789,97.49359,4.8746795
ura3,ura3C,1895.3398,4.7383495,60.959003,3.04795015
ura3,ura3C,4241.375,10.6034375,203.90193,10.1950965
ura3,ura3C,4006.5938,10.0164845,188.3534,9.41767
ura3,ura3C,2727.58,6.81895,140.0357,7.001785
ura3,ura3C,713.4531,1.78363275,37.696156,1.8848078
ura3,ura3C,3270.9531,8.17738275,179.62183,8.9810915
ura3,ura3C,3880.6406,9.7016015,149.96666,7.498333
ura3,ura3C,2343.8047,5.85951175,112.37882,5.618941
ura3,ura3C,1656.8359,4.14208975,114.1096,5.70548
ura3,ura3C,3781.7812,9.454453,154.26416,7.713208
ura3,ura3C,3174.3223,7.93580575,178.39282,8.919641
ura3,ura3C,5765.922,14.414805,242.55309,12.1276545
ura3,ura3C,2307.486,5.768715,131.24405,6.5622025
ura3,ura3C,2151.4126,5.3785315,81.608826,4.0804413
ura3,ura3C,4400.293,11.0007325,201.15913,10.0579565
ura3,ura3C,2844.375,7.1109375,149.89664,7.494832
ura3,ura3C,3697.9375,9.24484375,172.25563,8.6127815
ura3,ura3C,4000.1328,10.000332,178.90779,8.9453895
ura3,ura3C,3341.67,8.354175,178.26385,8.9131925
ura3,ura3C,6042.1094,15.1052735,236.6115,11.830575
ura3,ura3C,2495.6562,6.2391405,95.85927,4.7929635
ura3,ura3C,3880.5938,9.7014845,171.0263,8.551315
ura3,ura3C,2068.6016,5.171504,58.60034,2.930017
ura3,ura3C,3120.75,7.801875,143.19916,7.159958
ura3,ura3C,2595.7148,6.489287,125.53884,6.276942
ura3,ura3C,1816.5625,4.54140625,91.787796,4.5893898
ura3,ura3C,3161.9297,7.90482425,132.8063,6.640315
ura3,ura3C,5135.328,12.83832,123.71338,6.185669
ura3,ura3C,3409.7188,8.524297,172.69916,8.634958
ura3,ura3C,2858.6562,7.1466405,112.36102,5.618051
ura3,ura3C,2180.0312,5.450078,119.26861,5.9634305
ura3,ura3C,5557.297,13.8932425,237.5984,11.87992
ura3,ura3C,3875.0156,9.687539,194.46594,9.723297
ura3,ura3C,1505.1084,3.762771,70,3.5
ura3,ura3C,2669.125,6.6728125,151.70036,7.585018
ura3,ura3C,3231.0469,8.07761725,156.43849,7.8219245
ura3,ura3C,2316.3203,5.79080075,84.47044,4.223522
ura3,ura3C,5227.2812,13.068203,248.34048,12.417024
ura3,ura3C,4246.011,10.6150275,250.12196,12.506098
ura3,ura3C,3314.7344,8.286836,182.69373,9.1346865
ura3,ura3C,2904,7.26,191.65855,9.5829275
ura3,ura3C,2602.045,6.5051125,95.66637,4.7833185
ura3,ura3C,5308.1406,13.2703515,179.48637,8.9743185
ura3,ura3C,2585.586,6.463965,104.63747,5.2318735
ura3,ura3C,2862.5,7.15625,112.805145,5.64025725
ura3,ura3C,6541.797,16.3544925,262.3776,13.11888
ura3,ura3C,3210.6719,8.02667975,132.2422,6.61211
ura3,ura3C,12767.883,31.9197075,530.23865,26.5119325
ura3,ura3C,2470.6562,6.1766405,135.24792,6.762396
ura3,ura3C,2831.7954,7.0794885,87,4.35
ura3,ura3C,4234.578,10.586445,206.87436,10.343718
ura3,ura3C,3383.2852,8.458213,230.48862,11.524431
ura3,ura3C,2409.4375,6.02359375,139.17981,6.9589905
ura3,ura3C,3018.541,7.5463525,102.30347,5.1151735
ura3,ura3C,4043.9688,10.109922,177.48521,8.8742605
ura3,ura3C,2403.7188,6.009297,118.06778,5.903389
ura3,ura3C,4411.824,11.02956,252.55693,12.6278465
ura3,ura3C,4939.922,12.349805,245.71732,12.285866
ura3,ura3C,3380.5356,8.451339,90.66973,4.5334865
ura3,ura3C,2773.2227,6.93305675,139.60301,6.9801505
ura3,ura3C,1631.4531,4.07863275,92.45539,4.6227695
ura3,ura3C,3341.0273,8.35256825,155.47713,7.7738565
ura3,ura3C,1697.7695,4.24442375,84.26143,4.2130715
ura3,ura3C,3173.379,7.9334475,161.00311,8.0501555
ura3,ura3C,6358.508,15.89627,279.1451,13.957255
ura3,ura3C,1912.7383,4.78184575,135.09256,6.754628
ura3,ura3C,2146.2227,5.36555675,103.24833,5.1624165
ura3,ura3C,2820.043,7.0501075,188.83879,9.4419395
ura3,ura3C,4640.8125,11.60203125,163.1104,8.15552
ura3,ura3C,4474.922,11.187305,226.11943,11.3059715
ura3,ura3C,6146.922,15.367305,271.0904,13.55452
ura3,ura3C,3388.1797,8.47044925,133.50656,6.675328
ura3,ura3C,3836.2969,9.59074225,178.54971,8.9274855
ura3,ura3C,3804.25,9.510625,193.93298,9.696649
ura3,ura3C,1809.8438,4.5246095,65,3.25
ura3,ura3C,2602.9219,6.50730475,137,6.85
ura3,ura3C,7830.8594,19.5771485,372.0067,18.600335
ura3,ura3C,6134.2344,15.335586,270.97232,13.548616
ura3,ura3C,4782.4844,11.956211,209.28928,10.464464
ura3,ura3C,4182.4736,10.456184,218.00917,10.9004585
ura3,ura3C,4140.418,10.351045,191.41577,9.5707885
ura3,ura3C,3221.9062,8.0547655,157.54364,7.877182
ura3,ura3D,490.53125,1.226328125,34.4093,1.720465
ura3,ura3D,2251.7969,5.62949225,93.813644,4.6906822
ura3,ura3D,4400.6094,11.0015235,227.26636,11.363318
ura3,ura3D,2631.6484,6.579121,124.322075,6.21610375
ura3,ura3D,2886.965,7.2174125,148.40822,7.420411
ura3,ura3D,4823.25,12.058125,243.00206,12.150103
ura3,ura3D,2539.9062,6.3497655,114.56003,5.7280015
ura3,ura3D,2264.5,5.66125,119.218285,5.96091425
ura3,ura3D,2963.9375,7.40984375,156.81836,7.840918
ura3,ura3D,3618.625,9.0465625,187.29655,9.3648275
ura3,ura3D,3666.2285,9.16557125,177.49648,8.874824
ura3,ura3D,4451.168,11.12792,217.91054,10.895527
ura3,ura3D,3279.7031,8.19925775,141.12761,7.0563805
ura3,ura3D,2526.6875,6.31671875,138.42624,6.921312
ura3,ura3D,2624.836,6.56209,120.33703,6.0168515
ura3,ura3D,4142.9688,10.357422,184.61853,9.2309265
ura3,ura3D,8321.9375,20.80484375,430.42538,21.521269
ura3,ura3D,3264.5938,8.1614845,154.25952,7.712976
ura3,ura3D,3815.8438,9.5396095,190.91884,9.545942
ura3,ura3D,1959.3438,4.8983595,48.965034,2.4482517
ura3,ura3D,5608.1562,14.0203905,221.4159,11.070795
ura3,ura3D,3581.75,8.954375,187.41664,9.370832
ura3,ura3D,3751.2305,9.37807625,196.47137,9.8235685
ura3,ura3D,7585.211,18.9630275,376.52356,18.826178
ura3,ura3D,2879.2305,7.19807625,144.55795,7.2278975
ura3,ura3D,4046.689,10.1167225,161.07452,8.053726
ura3,ura3D,4672.2188,11.680547,201.93564,10.096782
ura3,ura3D,2171.5938,5.4289845,64.195015,3.20975075
ura3,ura3D,4363.3438,10.9083595,210.70596,10.535298
ura3,ura3D,1812.6562,4.5316405,74.330345,3.71651725
ura3,ura3D,5577.9365,13.94484125,295.16943,14.7584715
ura3,ura3D,1940.4404,4.851101,109.17875,5.4589375
ura3,ura3D,188.63379,0.471584475,35.1141,1.755705
ura3,ura3D,3229.2031,8.07300775,121.80723,6.0903615
ura3,ura3D,2146,5.365,83.00603,4.1503015
ura3,ura3D,3600.8281,9.00207025,174.10342,8.705171
ura3,ura3D,1854.4688,4.636172,61.741398,3.0870699
ura3,ura3D,5609.492,14.02373,230.85277,11.5426385
ura3,ura3D,2729.0469,6.82261725,137.11674,6.855837
ura3,ura3D,4093.9062,10.2347655,232.29723,11.6148615
ura3,ura3D,2607.5,6.51875,131.89769,6.5948845
ura3,ura3D,2396.2578,5.9906445,130.54501,6.5272505
ura3,ura3D,2195.2188,5.488047,109.55364,5.477682
ura3,ura3D,3039.6562,7.5991405,94.54099,4.7270495
ura3,ura3D,4396.8867,10.99221675,194.28073,9.7140365
ura3,ura3D,3507.875,8.7696875,186.59314,9.329657
ura3,ura3D,3821.5781,9.55394525,192.7615,9.638075
ura3,ura3D,2711.625,6.7790625,122.80065,6.1400325
ura3,ura3D,2995.3438,7.4883595,115.84904,5.792452
ura3,ura3D,3679.8125,9.19953125,109.22454,5.461227
ura3,ura3D,4221.4814,10.5537035,211.14587,10.5572935
ura3,ura3D,6656.667,16.6416675,295.14743,14.7573715
ura3,ura3D,3870.6094,9.6765235,185.2188,9.26094
ura3,ura3D,3657.75,9.144375,165.43579,8.2717895
ura3,ura3D,2330.3125,5.82578125,91.706055,4.58530275
ura3,ura3D,4934.532,12.33633,241.53053,12.0765265
ura3,ura3D,6963.4297,17.40857425,325.68237,16.2841185
ura3,ura3D,2716.3906,6.7909765,98.61542,4.930771
ura3,ura3D,2570.4688,6.426172,119.0798,5.95399
ura3,ura3D,2312.6406,5.7816015,120.70211,6.0351055
ura3,ura3D,2240.4688,5.601172,110.81967,5.5409835
ura3,ura3D,3178.2969,7.94574225,147.31259,7.3656295
ura3,ura3D,4883.7656,12.209414,226.38463,11.3192315
ura3,ura3D,5574.092,13.93523,303.0264,15.15132
ura3,ura3D,5025.5156,12.563789,279.35104,13.967552
ura3,ura3D,3827.0781,9.56769525,220.7827,11.039135
ura3,ura3D,3805.8945,9.51473625,182.61708,9.130854
ura3,ura3D,1383.3125,3.45828125,75.32596,3.766298
ura3,ura3D,1596.2188,3.990547,76.655075,3.83275375
ura3,ura3D,1825.3125,4.56328125,127.25172,6.362586
ura3,ura3D,3284.789,8.2119725,212.36055,10.6180275
ura3,ura3D,2815.9453,7.03986325,147.23111,7.3615555
ura3,ura3D,3973.6094,9.9340235,183.88312,9.194156
ura3,ura3D,4705.1016,11.762754,129.8345,6.491725
ura3,ura3D,3170.875,7.9271875,137.13132,6.856566
ura3,ura3D,5161.2812,12.903203,222.17111,11.1085555
ura3,ura3D,4250.465,10.6261625,176.32356,8.816178
ura3,ura3D,4123.535,10.3088375,117.51595,5.8757975
ura3,ura3D,4427.75,11.069375,118.08895,5.9044475
ura3,ura3D,3627.7031,9.06925775,221.71152,11.085576
ura3,ura3D,2565.1016,6.412754,124.77981,6.2389905
ura3,ura3D,3332.9453,8.33236325,133.96268,6.698134
ura3,ura3D,3483.1562,8.7078905,207.77151,10.3885755
ura3,ura3D,3858.9219,9.64730475,206.65189,10.3325945
ura3,ura3D,3214.4062,8.0360155,166.92813,8.3464065
ura3,ura3D,4735.4434,11.8386085,268.83453,13.4417265
ura3,ura3D,3282.3184,8.205796,185.28357,9.2641785
ura3,ura3D,2821.3906,7.0534765,125.299644,6.2649822
ura3,ura3D,3024.8125,7.56203125,151.33076,7.566538
ura3,ura3D,8803.172,22.00793,422.90897,21.1454485
ura3,ura3D,2507.461,6.2686525,121.33425,6.0667125
ura3,ura3D,3671.6914,9.1792285,190.1289,9.506445
ura3,ura3D,4331.375,10.8284375,238.03362,11.901681
ura3,ura3D,7534.078,18.835195,364.85614,18.242807
ura3,ura3D,1914.7969,4.78699225,132.00378,6.600189
ura3,ura3D,3797.5703,9.49392575,245.03265,12.2516325
ura3,ura3D,4195.5312,10.488828,264.62238,13.231119
ura3,ura3D,3366.3594,8.4158985,129.2749,6.463745
ura3,ura3D,2347.0312,5.867578,74.953316,3.7476658
ura3,ura3D,3248.8125,8.12203125,163.62457,8.1812285
ura3,ura3D,3365.4062,8.4135155,173.15889,8.6579445
ura3,ura3D,4545.166,11.362915,229.05458,11.452729
ura3,ura3D,4009.0312,10.022578,199.2009,9.960045
ura3,ura3D,4855.914,12.139785,247.18195,12.3590975
ura3,ura3D,3302.9854,8.2574635,150.01532,7.500766
ura3,ura3D,4470.6562,11.1766405,199.30379,9.9651895
ura3,ura3D,2915.8047,7.28951175,128.01562,6.400781
ura3,ura3D,5564.3984,13.910996,256.09567,12.8047835
ura3,ura3D,5603.453,14.0086325,226.55904,11.327952
ura3,ura3D,5094.3438,12.7358595,252.23006,12.611503
ura3,ura3D,3796.6445,9.49161125,187.32326,9.366163
ura3,ura3D,3695.3594,9.2383985,177.47676,8.873838
ura3,ura3D,6901.953,17.2548825,316.82962,15.841481
ura3,ura3D,4073.5,10.18375,175.96022,8.798011
ura3,ura3D,2438.5938,6.0964845,171.5634,8.57817
ura3,ura3D,4951.9336,12.379834,184.87834,9.243917
ura3,ura3D,3980.3281,9.95082025,180.82588,9.041294
ura3,ura3D,4347.6953,10.86923825,223.18153,11.1590765
ura3,ura3D,9838.125,24.5953125,357.31497,17.8657485
ura3,ura3D,3266.2715,8.16567875,163.62457,8.1812285
ura3,ura3D,4923.633,12.3090825,218.83556,10.941778
ura3,ura3D,4336.9766,10.8424415,234.2584,11.71292
ura3,ura3D,3560.207,8.9005175,161.27615,8.0638075
ura3,ura3D,6329.4766,15.8236915,348.4322,17.42161
ura3,ura3D,1329.0625,3.32265625,77.27872,3.863936
ura3,ura3D,2620.5469,6.55136725,128.082,6.4041
ura3,ura3D,1952.7656,4.881914,71.568146,3.5784073
ura3,ura3D,4579.289,11.4482225,224.37692,11.218846
ura3,ura3D,1865.1562,4.6628905,88.362885,4.41814425
ura3,ura3D,2141.7822,5.3544555,93.05912,4.652956
ura3,ura3D,3160.7812,7.901953,168.8668,8.44334
ura3,ura3D,4325.2188,10.813047,225.43513,11.2717565
ura3,ura3D,5836.0312,14.590078,301.14447,15.0572235
ura3,ura3D,1440.1016,3.600254,54.433296,2.7216648
ura3,ura3D,1846.5938,4.6164845,74.094536,3.7047268
ura3,ura3D,2717.164,6.79291,138.70833,6.9354165
ura3,ura3D,4463.5938,11.1589845,213.03755,10.6518775
ura3,ura3D,4016.9297,10.04232425,181.17671,9.0588355
ura3,ura3D,1937.4531,4.84363275,88.52683,4.4263415
ura3,ura3D,2428.999,6.0724975,95.189285,4.75946425
ura3,ura3D,3597.7812,8.994453,141.00354,7.050177
ura3,ura3D,3840.8516,9.602129,198.45654,9.922827
ura3,ura3D,6880.922,17.202305,344.02325,17.2011625
ura3,ura3D,2345,5.8625,120.20815,6.0104075
ura3,ura3D,3911.6562,9.7791405,176.92088,8.846044
ura3,ura3D,6286.5586,15.7163965,286.02798,14.301399
ura3,ura3D,5339.375,13.3484375,282.9311,14.146555
ura3,ura3D,3489.0625,8.72265625,147.3635,7.368175
ura3,ura3D,2116.625,5.2915625,86.925255,4.34626275
ura3,ura3D,6502.8164,16.257041,320.92368,16.046184
ura3,ura3D,4705.2393,11.76309825,204.79257,10.2396285
ura3,ura3D,4872.644,12.18161,262.42712,13.121356
ura3,ura3D,1928.5312,4.821328,62.514,3.1257
ura3,ura3D,2812.0938,7.0302345,131.24023,6.5620115
ura3,ura3D,4689.422,11.723555,205.52615,10.2763075
ura3,ura3D,6113.67,15.284175,296.16888,14.808444
ura3,ura3D,2388.2734,5.9706835,142.41138,7.120569
ura3,ura3D,1596.2891,3.99072275,80.65358,4.032679
ura3,ura3D,6692.414,16.731035,330.13483,16.5067415
ura3,ura3D,5572.882,13.932205,251.0976,12.55488
ura3,ura3D,3842.1797,9.60544925,229.73245,11.4866225
ura3,ura3D,3383.875,8.4596875,183.41211,9.1706055
ura3,ura3D,3174.961,7.9374025,202.71408,10.135704
cdrS,cdrSA,9422.117,23.5552925,478.2102,23.91051
cdrS,cdrSA,2725.4375,6.81359375,145.20676,7.260338
cdrS,cdrSA,5668.4844,14.171211,356.08987,17.8044935
cdrS,cdrSA,5301.7266,13.2543165,231.8728,11.59364
cdrS,cdrSA,7786.0625,19.46515625,387.85693,19.3928465
cdrS,cdrSA,2891.5312,7.228828,169.4255,8.471275
cdrS,cdrSA,2432.5198,6.0812995,141.90489,7.0952445
cdrS,cdrSA,2562.0625,6.40515625,129.65338,6.482669
cdrS,cdrSA,14241.633,35.6040825,590.22455,29.5112275
cdrS,cdrSA,1619.7422,4.0493555,117.388245,5.86941225
cdrS,cdrSA,3072.6562,7.6816405,204.4358,10.22179
cdrS,cdrSA,4110.0156,10.275039,288.66287,14.4331435
cdrS,cdrSA,773.1636,1.932909,32.14052,1.607026
cdrS,cdrSA,1024,2.56,59.77458,2.988729
cdrS,cdrSA,1556.1562,3.8903905,66.21933,3.3109665
cdrS,cdrSA,644.3125,1.61078125,46.227962,2.3113981
cdrS,cdrSA,3832.457,9.5811425,280.49274,14.024637
cdrS,cdrSA,1672.2441,4.18061025,74.15051,3.7075255
cdrS,cdrSA,5748.6406,14.3716015,320.34045,16.0170225
cdrS,cdrSA,556.5469,1.39136725,41.785164,2.0892582
cdrS,cdrSA,955.2656,2.388164,40.16217,2.0081085
cdrS,cdrSA,6737.2344,16.843086,319.14417,15.9572085
cdrS,cdrSA,3638.836,9.09709,201.13132,10.056566
cdrS,cdrSA,7504.6562,18.7616405,404.65417,20.2327085
cdrS,cdrSA,1563.2578,3.9081445,63.89053,3.1945265
cdrS,cdrSA,1543.5859,3.85896475,100.95544,5.047772
cdrS,cdrSA,11948.547,29.8713675,415.47083,20.7735415
cdrS,cdrSA,14525.004,36.31251,415.03012,20.751506
cdrS,cdrSA,9087.547,22.7188675,488.82104,24.441052
cdrS,cdrSA,1471.3203,3.67830075,58.0517,2.902585
cdrS,cdrSA,2999.0312,7.497578,151.16217,7.5581085
cdrS,cdrSA,1262.8125,3.15703125,63.953106,3.1976553
cdrS,cdrSA,1112.75,2.781875,69.641945,3.48209725
cdrS,cdrSA,3.5,0.00875,5.0990195,0.254950975
cdrS,cdrSA,5186.383,12.9659575,201.24612,10.062306
cdrS,cdrSA,10532.195,26.3304875,279.01614,13.950807
cdrS,cdrSA,5453.4688,13.633672,278.49057,13.9245285
cdrS,cdrSA,1872.2656,4.680664,82.289925,4.11449625
cdrS,cdrSA,4077.875,10.1946875,212.84972,10.642486
cdrS,cdrSA,5054.926,12.637315,249.65776,12.482888
cdrS,cdrSA,6929.75,17.324375,303.58688,15.179344
cdrS,cdrSA,2463.0547,6.15763675,99.08582,4.954291
cdrS,cdrSA,3706.2188,9.265547,177.60912,8.880456
cdrS,cdrSA,2165.6719,5.41417975,71.69703,3.5848515
cdrS,cdrSA,4943.3125,12.35828125,337.14685,16.8573425
cdrS,cdrSA,11290.484,28.22621,517.94305,25.8971525
cdrS,cdrSA,7302.2344,18.255586,302.0265,15.101325
cdrS,cdrSA,9242.406,23.106015,372.10886,18.605443
cdrS,cdrSA,2310.9531,5.77738275,124.723694,6.2361847
cdrS,cdrSA,2881.1406,7.2028515,104.99524,5.249762
cdrS,cdrSA,7786.871,19.4671775,486.7864,24.33932
cdrS,cdrSA,5141.3047,12.85326175,270.20917,13.5104585
cdrS,cdrSA,1343.4883,3.35872075,80.26207,4.0131035
cdrS,cdrSA,3364.0234,8.4100585,227.7079,11.385395
cdrS,cdrSA,2588.122,6.470305,102.528046,5.1264023
cdrS,cdrSA,1909.3438,4.7733595,60.207973,3.01039865
cdrS,cdrSA,1277.2344,3.193086,46.75468,2.337734
cdrS,cdrSA,1754.7246,4.3868115,64.53681,3.2268405
cdrS,cdrSA,4750.5,11.87625,234.95744,11.747872
cdrS,cdrSA,6706.1094,16.7652735,312.5252,15.62626
cdrS,cdrSA,1286.9375,3.21734375,47.43698,2.371849
cdrS,cdrSA,1610.9375,4.02734375,57.14018,2.857009
cdrS,cdrSA,9402.902,23.507255,489.2484,24.46242
cdrS,cdrSA,11988.9375,29.97234375,532.48474,26.624237
cdrS,cdrSA,8139.3047,20.34826175,285.35065,14.2675325
cdrS,cdrSA,2121.7754,5.3044385,156.89487,7.8447435
cdrS,cdrSA,4524.492,11.31123,96.04687,4.8023435
cdrS,cdrSA,7142.8164,17.857041,315.33,15.7665
cdrS,cdrSA,1170.3047,2.92576175,117.68602,5.884301
cdrS,cdrSA,4877.3906,12.1934765,297.40546,14.870273
cdrS,cdrSA,3522.6934,8.8067335,129.69194,6.484597
cdrS,cdrSA,2579.0742,6.4476855,140.80128,7.040064
cdrS,cdrSA,5881.1055,14.70276375,157.86703,7.8933515
cdrS,cdrSA,8988.75,22.471875,370.4139,18.520695
cdrS,cdrSA,1075.523,2.6888075,60.74537,3.0372685
cdrS,cdrSA,9692.086,24.230215,402.44254,20.122127
cdrS,cdrSA,8218.469,20.5461725,330.05606,16.502803
cdrS,cdrSA,4704.371,11.7609275,118.37652,5.918826
cdrS,cdrSA,2067.4062,5.1685155,114.530785,5.72653925
cdrS,cdrSA,3138.9062,7.8472655,114.80657,5.7403285
cdrS,cdrSA,2519.2656,6.298164,85.146935,4.25734675
cdrS,cdrSA,3629.7188,9.074297,154.63829,7.7319145
cdrS,cdrSA,9556.469,23.8911725,362.0953,18.104765
cdrS,cdrSA,14611.637,36.5290925,654.54486,32.727243
cdrS,cdrSA,3267.6094,8.1690235,155.91344,7.795672
cdrS,cdrSA,6256.9062,15.6422655,184.28511,9.2142555
cdrS,cdrSA,2781.5625,6.95390625,78.94929,3.9474645
cdrS,cdrSA,7381.883,18.4547075,420.02975,21.0014875
cdrS,cdrSA,8362.891,20.9072275,368.08966,18.404483
cdrS,cdrSA,3996.0195,9.99004875,160.10309,8.0051545
cdrS,cdrSA,2353.0938,5.8827345,114.865135,5.74325675
cdrS,cdrSA,1134.875,2.8371875,41.231056,2.0615528
cdrS,cdrSA,1594.0664,3.985166,50.358715,2.51793575
cdrS,cdrSA,709.125,1.7728125,40.81666,2.040833
cdrS,cdrSA,3152.625,7.8815625,191.75505,9.5877525
cdrS,cdrSA,3804.875,9.5121875,197.55046,9.877523
cdrS,cdrSA,596.4375,1.49109375,54.634132,2.7317066
cdrS,cdrSA,5633.703,14.0842575,303.65936,15.182968
cdrS,cdrSA,5067.5,12.66875,198.91959,9.9459795
cdrS,cdrSA,5874.0234,14.6850585,239.06903,11.9534515
cdrS,cdrSA,9179.156,22.94789,326.0401,16.302005
cdrS,cdrSA,1067.9219,2.66980475,48.559093,2.42795465
cdrS,cdrSA,1009.0215,2.52255375,46.572525,2.32862625
cdrS,cdrSA,6762.883,16.9072075,340.99268,17.049634
cdrS,cdrSA,9716,24.29,374.0802,18.70401
cdrS,cdrSA,1311.3438,3.2783595,68.25007,3.4125035
cdrS,cdrSA,5117.252,12.79313,125.39936,6.269968
cdrS,cdrSA,10349.5625,25.87390625,422.3423,21.117115
cdrS,cdrSB,5144.625,12.8615625,317.34525,15.8672625
cdrS,cdrSB,3585.2656,8.963164,251.85909,12.5929545
cdrS,cdrSB,2351.211,5.8780275,157.14871,7.8574355
cdrS,cdrSB,7540.961,18.8524025,403.74496,20.187248
cdrS,cdrSB,7517.963,18.7949075,358.23038,17.911519
cdrS,cdrSB,11387.141,28.4678525,481.67416,24.083708
cdrS,cdrSB,4882.539,12.2063475,270.2758,13.51379
cdrS,cdrSB,6187.1875,15.46796875,258.13562,12.906781
cdrS,cdrSB,7159.0796,17.897699,283.2137,14.160685
cdrS,cdrSB,3877.372,9.69343,170.46114,8.523057
cdrS,cdrSB,12979.629,32.4490725,558.00806,27.900403
cdrS,cdrSB,948.8281,2.37207025,65.29364,3.264682
cdrS,cdrSB,5178.2344,12.945586,281.70374,14.085187
cdrS,cdrSB,3503.3125,8.75828125,92.11406,4.605703
cdrS,cdrSB,9705.031,24.2625775,412.81595,20.6407975
cdrS,cdrSB,2203.604,5.50901,72.91776,3.645888
cdrS,cdrSB,13827.516,34.56879,262.09158,13.104579
cdrS,cdrSB,1678.7812,4.196953,56.22277,2.8111385
cdrS,cdrSB,7208.133,18.0203325,208.63365,10.4316825
cdrS,cdrSB,2827.5547,7.06888675,87.46428,4.373214
cdrS,cdrSB,3704.086,9.260215,151.71684,7.585842
cdrS,cdrSB,5188.7812,12.971953,260.24796,13.012398
cdrS,cdrSB,2819.962,7.049905,163.0828,8.15414
cdrS,cdrSB,5933.6797,14.83419925,433.4155,21.670775
cdrS,cdrSB,1961.4883,4.90372075,99.764725,4.98823625
cdrS,cdrSB,909.09375,2.272734375,82.60023,4.1300115
cdrS,cdrSB,12657.27,31.643175,529.49884,26.474942
cdrS,cdrSB,8130.0156,20.325039,311.61676,15.580838
cdrS,cdrSB,7463.3496,18.658374,320.47778,16.023889
cdrS,cdrSB,1307.6875,3.26921875,128.16005,6.4080025
cdrS,cdrSB,3211.314,8.028285,211.24394,10.562197
cdrS,cdrSB,3044.6172,7.611543,71.568146,3.5784073
cdrS,cdrSB,2668.8672,6.672168,203.49199,10.1745995
cdrS,cdrSB,6291.3438,15.7283595,208.49007,10.4245035
cdrS,cdrSB,12316.711,30.7917775,425.01764,21.250882
cdrS,cdrSB,5479.8438,13.6996095,279.54605,13.9773025
cdrS,cdrSB,4520.6797,11.30169925,247.21246,12.360623
cdrS,cdrSB,5582.6094,13.9565235,377.52484,18.876242
cdrS,cdrSB,2227.2617,5.56815425,91.04944,4.552472
cdrS,cdrSB,8553.781,21.3844525,385.05194,19.252597
cdrS,cdrSB,2413.621,6.0340525,194.09276,9.704638
cdrS,cdrSB,4951.5625,12.37890625,321.62244,16.081122
cdrS,cdrSB,4759.789,11.8994725,245.78242,12.289121
cdrS,cdrSB,12383.956,30.95989,307.7288,15.38644
cdrS,cdrSB,5192.0938,12.9802345,294.10605,14.7053025
cdrS,cdrSB,1633.4058,4.0835145,82.92768,4.146384
cdrS,cdrSB,2515.7188,6.289297,101.1391,5.056955
cdrS,cdrSB,5714.6562,14.2866405,280.41397,14.0206985
cdrS,cdrSB,9834.836,24.58709,321.2242,16.06121
cdrS,cdrSB,9382.469,23.4561725,465.5717,23.278585
cdrS,cdrSB,2212.504,5.53126,193.39597,9.6697985
cdrS,cdrSB,8824.273,22.0606825,237.03586,11.851793
cdrS,cdrSB,4238.0566,10.5951415,227.26416,11.363208
cdrS,cdrSB,8164.461,20.4111525,299.8114,14.99057
cdrS,cdrSB,1710.8115,4.27702875,91.389275,4.56946375
cdrS,cdrSB,12814.148,32.03537,558.2016,27.91008
cdrS,cdrSB,1061.3438,2.6533595,105.27607,5.2638035
cdrS,cdrSB,8029.0234,20.0725585,297.86575,14.8932875
cdrS,cdrSB,5649.9062,14.1247655,221.92116,11.096058
cdrS,cdrSB,5578.867,13.9471675,254.37178,12.718589
cdrS,cdrSB,5650.6016,14.126504,353.02267,17.6511335
cdrS,cdrSB,5562.0625,13.90515625,251.8829,12.594145
cdrS,cdrSB,7214.4297,18.03607425,380.60083,19.0300415
cdrS,cdrSB,7361.9688,18.404922,311.8012,15.59006
cdrS,cdrSB,1871.3906,4.6784765,89.050545,4.45252725
cdrS,cdrSB,8764.797,21.9119925,407.29596,20.364798
cdrS,cdrSB,2393.6484,5.984121,156.38734,7.819367
cdrS,cdrSB,4355.922,10.889805,255.43102,12.771551
cdrS,cdrSB,14952.375,37.3809375,429.31226,21.465613
cdrS,cdrSB,1457.5078,3.6437695,137.20148,6.860074
cdrS,cdrSB,1462.875,3.6571875,75.23962,3.761981
cdrS,cdrSB,3086.3594,7.7158985,156.16978,7.808489
cdrS,cdrSB,5184.1445,12.96036125,257.6664,12.88332
cdrS,cdrSB,2983.8438,7.4596095,97.862144,4.8931072
cdrS,cdrSB,4120.7266,10.3018165,140.45996,7.022998
cdrS,cdrSB,8705.016,21.76254,328.75827,16.4379135
cdrS,cdrSB,8347.203,20.8680075,425.16937,21.2584685
cdrS,cdrSB,4710.172,11.77543,255.56604,12.778302
cdrS,cdrSB,7573.125,18.9328125,489.801,24.49005
cdrS,cdrSB,510.42188,1.2760547,27.658634,1.3829317
cdrS,cdrSB,6190.176,15.47544,357.59894,17.879947
cdrS,cdrSB,332.28125,0.830703125,27.313,1.36565
cdrS,cdrSB,2504.75,6.261875,109.17875,5.4589375
cdrS,cdrSB,2148.8594,5.3721485,131.48384,6.574192
cdrS,cdrSB,1927.5928,4.818982,160.97516,8.048758
cdrS,cdrSB,1663.6855,4.15921375,193.352,9.6676
cdrS,cdrSB,1547.9688,3.869922,140.28152,7.014076
cdrS,cdrSB,3275.2485,8.18812125,122.80065,6.1400325
cdrS,cdrSB,3993.461,9.9836525,227.29936,11.364968
cdrS,cdrSB,6749.3125,16.87328125,337.48038,16.874019
cdrS,cdrSB,1808.8438,4.5221095,80.895,4.04475
cdrS,cdrSB,6904.5312,17.261328,342.9895,17.149475
cdrS,cdrSB,4163.5347,10.40883675,201.41106,10.070553
cdrS,cdrSB,1274.4062,3.1860155,116.0874,5.80437
cdrS,cdrSB,2306.9531,5.76738275,126.65702,6.332851
cdrS,cdrSB,4531.25,11.328125,203.22647,10.1613235
cdrS,cdrSB,10534.934,26.337335,403.7067,20.185335
cdrS,cdrSB,6413.664,16.03416,275.6828,13.78414
cdrS,cdrSB,2744.796,6.86199,92.7847,4.639235
cdrS,cdrSB,3783.3447,9.45836175,294.20572,14.710286
cdrS,cdrSB,9706.922,24.267305,268.4865,13.424325
cdrS,cdrSB,2680.2031,6.70050775,123.51518,6.175759
cdrS,cdrSB,5041.7188,12.604297,480.69638,24.034819
cdrS,cdrSB,10465.75,26.164375,521.4183,26.070915
cdrS,cdrSB,4866.4062,12.1660155,125.39936,6.269968
cdrS,cdrSB,4002.25,10.005625,209.602,10.4801
cdrS,cdrSB,9296.032,23.24008,171.18703,8.5593515
cdrS,cdrSB,1242.4111,3.10602775,61.294373,3.06471865
cdrS,cdrSB,6617.3438,16.5433595,318.35202,15.917601
cdrS,cdrSB,2523.7812,6.309453,244.15173,12.2075865
cdrS,cdrSB,2456.039,6.1400975,97.7548,4.88774
cdrS,cdrSB,7666.0156,19.165039,241.13274,12.056637
cdrS,cdrSB,9518.281,23.7957025,312.62277,15.6311385
cdrS,cdrSB,2148.9414,5.3723535,94.36631,4.7183155
cdrS,cdrSB,5225.0938,13.0627345,265.6558,13.28279
cdrS,cdrSB,3968.7852,9.921963,290.33774,14.516887
cdrS,cdrSB,1733.25,4.333125,69.641945,3.48209725
cdrS,cdrSB,6884.9062,17.2122655,314.55725,15.7278625
cdrS,cdrSB,2721.504,6.80376,139.90353,6.9951765
cdrS,cdrSB,4575.707,11.4392675,236.32605,11.8163025
cdrS,cdrSB,2185.0762,5.4626905,116.090485,5.80452425
cdrS,cdrSB,11942.523,29.8563075,313.0339,15.651695
cdrS,cdrSC,7945.84,19.8646,378.73737,18.9368685
cdrS,cdrSC,3101.2188,7.753047,177.15813,8.8579065
cdrS,cdrSC,10347.844,25.86961,485.24734,24.262367
cdrS,cdrSC,7687.758,19.219395,442.92212,22.146106
cdrS,cdrSC,2857.6016,7.144004,137.48091,6.8740455
cdrS,cdrSC,10816.047,27.0401175,489.17276,24.458638
cdrS,cdrSC,1217.9844,3.044961,50.48762,2.524381
cdrS,cdrSC,7645.4688,19.113672,302.4434,15.12217
cdrS,cdrSC,5838.8125,14.59703125,320.02814,16.001407
cdrS,cdrSC,5016.672,12.54168,182.85786,9.142893
cdrS,cdrSC,4541.535,11.3538375,226.86119,11.3430595
cdrS,cdrSC,5705.289,14.2632225,243.50154,12.175077
cdrS,cdrSC,10616.859,26.5421475,410.68237,20.5341185
cdrS,cdrSC,8167.4375,20.41859375,384.8649,19.243245
cdrS,cdrSC,154.78125,0.386953125,20.808653,1.04043265
cdrS,cdrSC,5696.539,14.2413475,234.9319,11.746595
cdrS,cdrSC,3105.6562,7.7641405,263.09885,13.1549425
cdrS,cdrSC,1554.9766,3.8874415,75.10317,3.7551585
cdrS,cdrSC,5066.074,12.665185,186.76189,9.3380945
cdrS,cdrSC,3037.8477,7.59461925,156.4257,7.821285
cdrS,cdrSC,1627.1875,4.06796875,128.7891,6.439455
cdrS,cdrSC,814.8125,2.03703125,47.801674,2.3900837
cdrS,cdrSC,12787.156,31.96789,523.78815,26.1894075
cdrS,cdrSC,12093.367,30.2334175,414.77945,20.7389725
cdrS,cdrSC,10273.969,25.6849225,498.22183,24.9110915
cdrS,cdrSC,806.625,2.0165625,37.576588,1.8788294
cdrS,cdrSC,2185.4062,5.4635155,115.20145,5.7600725
cdrS,cdrSC,8412.35,21.030875,410.7067,20.535335
cdrS,cdrSC,6179.7812,15.449453,237.36049,11.8680245
cdrS,cdrSC,1832.3516,4.580879,72.47068,3.623534
cdrS,cdrSC,8220.973,20.5524325,412.65604,20.632802
cdrS,cdrSC,4114.6445,10.28661125,255.31354,12.765677
cdrS,cdrSC,7323.8164,18.309541,236.92192,11.846096
cdrS,cdrSC,4901.4688,12.253672,204.26698,10.213349
cdrS,cdrSC,4164.3438,10.4108595,230.10649,11.5053245
cdrS,cdrSC,4080.0312,10.200078,195.08496,9.754248
cdrS,cdrSC,4574.961,11.4374025,246.67793,12.3338965
cdrS,cdrSC,4296.9414,10.7423535,292.54672,14.627336
cdrS,cdrSC,1185.3125,2.96328125,105.10947,5.2554735
cdrS,cdrSC,26848.875,67.1221875,429.90347,21.4951735
cdrS,cdrSC,3815.5469,9.53886725,147.20055,7.3600275
cdrS,cdrSC,2261.0781,5.65269525,169.24834,8.462417
cdrS,cdrSC,2418.4062,6.0460155,143.60014,7.180007
cdrS,cdrSC,6493.578,16.233945,286.41577,14.3207885
cdrS,cdrSC,9232.6875,23.08171875,369.6282,18.48141
cdrS,cdrSC,5525.5,13.81375,262.2308,13.11154
cdrS,cdrSC,3899.9507,9.74987675,172.19176,8.609588
cdrS,cdrSC,6701.6177,16.75404425,260.16342,13.008171
cdrS,cdrSC,2674.5156,6.686289,142.21463,7.1107315
cdrS,cdrSC,2657.4844,6.643711,138.65425,6.9327125
cdrS,cdrSC,4729.1875,11.82296875,127.66362,6.383181
cdrS,cdrSC,9413.281,23.5332025,388.24734,19.412367
cdrS,cdrSC,4471.078,11.177695,194.6407,9.732035
cdrS,cdrSC,7534.8594,18.8371485,435.11493,21.7557465
cdrS,cdrSC,4789.547,11.9738675,165.76353,8.2881765
cdrS,cdrSC,11674.641,29.1866025,532.8461,26.642305
cdrS,cdrSC,5352.0938,13.3802345,203.38388,10.169194
cdrS,cdrSC,10628.125,26.5703125,494.09412,24.704706
cdrS,cdrSC,4704.4375,11.76109375,268.7936,13.43968
cdrS,cdrSC,4929.0117,12.32252925,229.86952,11.493476
cdrS,cdrSC,5482.328,13.70582,234.26907,11.7134535
cdrS,cdrSC,6270.0938,15.6752345,219.31712,10.965856
cdrS,cdrSC,2651.2188,6.628047,150.8675,7.543375
cdrS,cdrSC,3909.121,9.7728025,192.35384,9.617692
cdrS,cdrSC,5775.703,14.4392575,310.04837,15.5024185
cdrS,cdrSC,4295.1895,10.73797375,105.30432,5.265216
cdrS,cdrSC,2582.5,6.45625,173.58636,8.679318
cdrS,cdrSC,6872.0635,17.18015875,281.1779,14.058895
cdrS,cdrSC,1951.8281,4.87957025,94.647514,4.7323757
cdrS,cdrSC,6208.4688,15.521172,269.65164,13.482582
cdrS,cdrSC,1757.9688,4.394922,80.454956,4.0227478
cdrS,cdrSC,9491.84,23.7296,511.16534,25.558267
cdrS,cdrSC,2747.5,6.86875,151.48927,7.5744635
cdrS,cdrSC,2673.6562,6.6841405,126.81088,6.340544
cdrS,cdrSC,6420.6797,16.05169925,217.56837,10.8784185
cdrS,cdrSC,9783.297,24.4582425,483.01657,24.1508285
cdrS,cdrSC,5521.617,13.8040425,208.84923,10.4424615
cdrS,cdrSC,557.0781,1.39269525,28.635643,1.43178215
cdrS,cdrSC,10175.594,25.438985,409.84998,20.492499
cdrS,cdrSC,4769.828,11.92457,311.87338,15.593669
cdrS,cdrSC,9039.766,22.599415,454.43262,22.721631
cdrS,cdrSC,10698.969,26.7474225,443.84906,22.192453
cdrS,cdrSC,10231.328,25.57832,269.6164,13.48082
cdrS,cdrSC,8419.781,21.0494525,301.03986,15.051993
cdrS,cdrSC,3746.2188,9.365547,184.94594,9.247297
cdrS,cdrSC,2346.7188,5.866797,77.47257,3.8736285
cdrS,cdrSC,3947.8281,9.86957025,251.95634,12.597817
cdrS,cdrSC,3935.789,9.8394725,307.23444,15.361722
cdrS,cdrSC,7508.5234,18.7713085,298.00168,14.900084
cdrS,cdrSC,7971.625,19.9290625,300.28152,15.014076
cdrS,cdrSC,5279.6094,13.1990235,282.98587,14.1492935
cdrS,cdrSD,2805.7383,7.01434575,111.40018,5.570009
cdrS,cdrSD,11385.527,28.4638175,520.0779,26.003895
cdrS,cdrSD,2395.1074,5.9877685,155.46704,7.773352
cdrS,cdrSD,5249.211,13.1230275,187.57932,9.378966
cdrS,cdrSD,2102.1035,5.25525875,85.90693,4.2953465
cdrS,cdrSD,1870.8906,4.6772265,143.42245,7.1711225
cdrS,cdrSD,3391.8125,8.47953125,123,6.15
cdrS,cdrSD,3651.539,9.1288475,145.09653,7.2548265
cdrS,cdrSD,5302.9766,13.2574415,290.51163,14.5255815
cdrS,cdrSD,3381.9375,8.45484375,160.44937,8.0224685
cdrS,cdrSD,2967.4844,7.418711,144.01389,7.2006945
cdrS,cdrSD,9515.594,23.788985,391.61844,19.580922
cdrS,cdrSD,5127.4033,12.81850825,373.2412,18.66206
cdrS,cdrSD,3197,7.9925,145.7978,7.28989
cdrS,cdrSD,1149.0781,2.87269525,110.44014,5.522007
cdrS,cdrSD,11423.211,28.5580275,434.8471,21.742355
cdrS,cdrSD,2760.3125,6.90078125,143.88641,7.1943205
cdrS,cdrSD,7416.922,18.542305,338.65173,16.9325865
cdrS,cdrSD,1725.0938,4.3127345,80.41739,4.0208695
cdrS,cdrSD,8961.309,22.4032725,304.97678,15.248839
cdrS,cdrSD,1497.0312,3.742578,59.682495,2.98412475
cdrS,cdrSD,10626.801,26.5670025,461.5799,23.078995
cdrS,cdrSD,2100.1094,5.2502735,125.52468,6.276234
cdrS,cdrSD,9034.953,22.5873825,390.50992,19.525496
cdrS,cdrSD,2225.8105,5.56452625,162.80664,8.140332
cdrS,cdrSD,7955.2734,19.8881835,451.70786,22.585393
cdrS,cdrSD,2130.0469,5.32511725,85.146935,4.25734675
cdrS,cdrSD,11647.612,29.11903,482.6562,24.13281
cdrS,cdrSD,1290.5781,3.22644525,63.06346,3.153173
cdrS,cdrSD,2511.496,6.27874,208.97128,10.448564
cdrS,cdrSD,3043.6562,7.6091405,113.0177,5.650885
cdrS,cdrSD,14614.141,36.5353525,374.83063,18.7415315
cdrS,cdrSD,1518.1562,3.7953905,68.46897,3.4234485
cdrS,cdrSD,9730.0625,24.32515625,463.51913,23.1759565
cdrS,cdrSD,3933.4375,9.83359375,203.65166,10.182583
cdrS,cdrSD,416.25,1.040625,29.614185,1.48070925
cdrS,cdrSD,4932.328,12.33082,267.92722,13.396361
cdrS,cdrSD,11390,28.475,534.3117,26.715585
cdrS,cdrSD,9722.227,24.3055675,410.4948,20.52474
cdrS,cdrSD,2907.1562,7.2678905,157.51595,7.8757975
cdrS,cdrSD,2188.6875,5.47171875,76.05919,3.8029595
cdrS,cdrSD,8194.367,20.4859175,404.59485,20.2297425
cdrS,cdrSD,1113.0625,2.78265625,112.2643,5.613215
cdrS,cdrSD,3450.1133,8.62528325,117.64353,5.8821765
cdrS,cdrSD,1255.8516,3.139629,57.68882,2.884441
cdrS,cdrSD,5313.1875,13.28296875,242.5634,12.12817
cdrS,cdrSD,4122.2656,10.305664,224.4148,11.22074
cdrS,cdrSD,1988.0938,4.9702345,59.5399,2.976995
cdrS,cdrSD,4571.832,11.42958,278.87094,13.943547
cdrS,cdrSD,2745.399,6.8634975,157.15598,7.857799
cdrS,cdrSD,10504.085,26.2602125,589.4005,29.470025
cdrS,cdrSD,8259.922,20.649805,360.13885,18.0069425
cdrS,cdrSD,2081.3438,5.2033595,90.80198,4.540099
cdrS,cdrSD,1534.125,3.8353125,59.135437,2.95677185
cdrS,cdrSD,8159.9766,20.3999415,378.16003,18.9080015
cdrS,cdrSD,2945.1719,7.36292975,188.17014,9.408507
cdrS,cdrSD,3469.1133,8.67278325,145.9863,7.299315
cdrS,cdrSD,7038.1953,17.59548825,391.25055,19.5625275
cdrS,cdrSD,1721.7812,4.304453,59.236813,2.96184065
cdrS,cdrSD,3321.7656,8.304414,146.23953,7.3119765
cdrS,cdrSD,4100.7266,10.2518165,261.6811,13.084055
cdrS,cdrSD,7614.408,19.03602,331.73032,16.586516
cdrS,cdrSD,3683.4766,9.2086915,173.21951,8.6609755
cdrS,cdrSD,3731.3125,9.32828125,214.08409,10.7042045
cdrS,cdrSD,3521.8867,8.80471675,166.90117,8.3450585
cdrS,cdrSD,5131.1875,12.82796875,383.6483,19.182415
cdrS,cdrSD,2731.5938,6.8289845,104.70256,5.235128
cdrS,cdrSD,3745.9844,9.364961,175.86642,8.793321
cdrS,cdrSD,2013.7188,5.034297,80.70936,4.035468
cdrS,cdrSD,6952.4893,17.38122325,396.2639,19.813195
cdrS,cdrSD,3827.7295,9.56932375,184.96756,9.248378
cdrS,cdrSD,1016.2832,2.540708,71.568146,3.5784073
cdrS,cdrSD,5710.1562,14.2753905,258.26163,12.9130815
cdrS,cdrSD,5297.75,13.244375,279.32956,13.966478
cdrS,cdrSD,9194.547,22.9863675,518.5383,25.926915
cdrS,cdrSD,2109.1875,5.27296875,101.35581,5.0677905
cdrS,cdrSD,851.21875,2.128046875,89.44272,4.472136
cdrS,cdrSD,4399,10.9975,217.27863,10.8639315
cdrS,cdrSD,4961.078,12.402695,307.10422,15.355211
cdrS,cdrSD,9255.234,23.138085,526.14923,26.3074615
cdrS,cdrSD,2610.5312,6.526328,147.05441,7.3527205
cdrS,cdrSD,2450.3125,6.12578125,111.82576,5.591288
cdrS,cdrSD,3609.1406,9.0228515,230.89392,11.544696
cdrS,cdrSD,7736.2656,19.340664,424.47144,21.223572
cdrS,cdrSD,11792.805,29.4820125,386.57986,19.328993
cdrS,cdrSD,6435.1177,16.08779425,419.71896,20.985948
cdrS,cdrSD,12640.198,31.600495,432.89722,21.644861
cdrS,cdrSD,4004.3604,10.010901,256.09567,12.8047835
cdrS,cdrSD,6589.1133,16.47278325,344.00583,17.2002915
cdrS,cdrSD,2023.4062,5.0585155,102.83968,5.141984
cdrS,cdrSD,4678.258,11.695645,292.89758,14.644879
cdrS,cdrSD,3902.5312,9.756328,199.18082,9.959041
cdrS,cdrSD,6002.164,15.00541,331.2537,16.562685
cdrS,cdrSD,3814.9453,9.53736325,243.82986,12.191493
cdrS,cdrSD,1920.9453,4.80236325,113.216606,5.6608303
cdrS,cdrSD,12893.5625,32.23390625,511.5281,25.576405
cdrS,cdrSD,2135.5312,5.338828,86.833176,4.3416588
cdrS,cdrSD,751.9297,1.87982425,65.76473,3.2882365
cdrS,cdrSD,1490.6172,3.726543,80.622574,4.0311287
cdrS,cdrSD,1994.0312,4.985078,68.88396,3.444198
cdrS,cdrSD,9175.159,22.9378975,456.98688,22.849344
cdrS,cdrSD,913.6094,2.2840235,43.416588,2.1708294
cdrS,cdrSD,8563.547,21.4088675,468.12924,23.406462
cdrS,cdrSD,1085.25,2.713125,74.672615,3.73363075
cdrS,cdrSD,11400.375,28.5009375,567.3817,28.369085
cdrS,cdrSD,5829.7344,14.574336,320.35138,16.017569
cdrS,cdrSD,1123.875,2.8096875,51.662365,2.58311825
cdrS,cdrSD,4132.5625,10.33140625,234.30322,11.715161
cdrS,cdrSD,2267.9478,5.6698695,105.3423,5.267115
cdrS,cdrSD,2971.0469,7.42761725,122.20065,6.1100325
cdrS,cdrSD,4190.0337,10.47508425,146.81961,7.3409805
cdrS,cdrSD,3954.0156,9.885039,222.72853,11.1364265
cdrS,cdrSD,3209.1875,8.02296875,211.62466,10.581233
cdrS,cdrSD,5704.672,14.26168,295.77188,14.788594
cdrS,cdrSD,11305.703,28.2642575,356.0056,17.80028
cdrS,cdrSD,3767.9639,9.41990975,163.19313,8.1596565
cdrS,cdrSD,3700.7168,9.251792,208.02164,10.401082
cdrS,cdrSD,8130.537,20.3263425,510.45078,25.522539
cdrS,cdrSD,2328.0762,5.8201905,165.0606,8.25303
cdrS,cdrSD,9664.422,24.161055,518.20557,25.9102785
cdrS,cdrSD,6081.875,15.2046875,345.62408,17.281204
cdrS,cdrSD,4842.2812,12.105703,269.8629,13.493145
cdrS,cdrSD,6497.5938,16.2439845,404.60474,20.230237
cdrS,cdrSD,2825.0938,7.0627345,172.3862,8.61931
cdrS,cdrSD,5661.842,14.154605,268.20886,13.410443
cdrS,cdrSD,2562.6406,6.4066015,134.53624,6.726812
cdrS,cdrSD,122.7522,0.3068805,20.615528,1.0307764
cdrS,cdrSD,5861.672,14.65418,308.6503,15.432515
cdrS,cdrSD,4102.2656,10.255664,154.35025,7.7175125
cdrS,cdrSD,7185.927,17.9648175,389.0977,19.454885
cdrS,cdrSD,2498.8047,6.24701175,74.8131,3.740655
cdrS,cdrSD,8094.508,20.23627,338.25583,16.9127915
cdrS,cdrSD,3048.7188,7.621797,168.07736,8.403868
cdrS,cdrSD,1203.9609,3.00990225,44.777225,2.23886125
cdrS,cdrSD,3728.0781,9.32019525,233.77339,11.6886695
cdrS,cdrSD,1500.8281,3.75207025,79.630394,3.9815197
cdrS,cdrSD,3417.4297,8.54357425,227.69278,11.384639
cdrS,cdrSD,5768.0625,14.42015625,296.58893,14.8294465
cdrS,cdrSD,5206.914,13.017285,309.91934,15.495967
cdrS,cdrSD,4731.0547,11.82763675,183.99185,9.1995925
cdrS,cdrSD,5724.7266,14.3118165,327.56677,16.3783385
cdrS,cdrSD,3888.8496,9.722124,213.7405,10.687025
cdrS,cdrSD,1437.3125,3.59328125,84.38602,4.219301
cdrS,cdrSD,287.15625,0.717890625,24.5153,1.225765
cdrS,cdrSD,332.34375,0.830859375,24.207438,1.2103719
cdrS,cdrSD,2075.4375,5.18859375,121.40016,6.070008
cdrS,cdrSD,2839.6328,7.099082,204.82431,10.2412155
cdrS,cdrSD,902.14453,2.255361325,81.608826,4.0804413
cdrS,cdrSD,1375.7316,3.439329,94.92102,4.746051
cdrS,cdrSD,1001.5508,2.503877,46.872166,2.3436083
cdrS,cdrSD,7820.5156,19.551289,373.36978,18.668489
cdrS,cdrSD,6493.1797,16.23294925,356.35938,17.817969
cdrS,cdrSD,195.625,0.4890625,23.853722,1.1926861
cdrS,cdrSD,1776.1875,4.44046875,68.96376,3.448188
cdrS,cdrSD,2119.7266,5.2993165,110.308655,5.51543275
cdrS,cdrSD,7653.5625,19.13390625,470.56775,23.5283875
cdrS,cdrSD,950.0819,2.37520475,60.166435,3.00832175
Scomp,ScompA,4619.75,11.549375,255.8906,12.79453
Scomp,ScompA,298.03125,0.745078125,24.738634,1.2369317
Scomp,ScompA,8349.477,20.8736925,375.69403,18.7847015
Scomp,ScompA,12064.665,30.1616625,567.0732,28.35366
Scomp,ScompA,4822.1562,12.0553905,241.16798,12.058399
Scomp,ScompA,2493.0234,6.2325585,117.66053,5.8830265
Scomp,ScompA,1756.7383,4.39184575,128.39665,6.4198325
Scomp,ScompA,1505.6328,3.764082,150.74098,7.537049
Scomp,ScompA,1624.1035,4.06025875,77.388626,3.8694313
Scomp,ScompA,2523.3906,6.3084765,150.78462,7.539231
Scomp,ScompA,3397.7031,8.49425775,184.08965,9.2044825
Scomp,ScompA,5579.0547,13.94763675,239.47652,11.973826
Scomp,ScompA,869.75,2.174375,44.830017,2.24150085
Scomp,ScompA,6163.2188,15.408047,349.6668,17.48334
Scomp,ScompA,1579.3203,3.94830075,71.30919,3.5654595
Scomp,ScompA,2063.1719,5.15792975,67.08204,3.354102
Scomp,ScompA,10580.163,26.4504075,549.8591,27.492955
Scomp,ScompA,6578.1875,16.44546875,294.2608,14.71304
Scomp,ScompA,5427.5703,13.56892575,256.164,12.8082
Scomp,ScompA,5319.211,13.2980275,311.51245,15.5756225
Scomp,ScompA,6799.8438,16.9996095,360.57315,18.0286575
Scomp,ScompA,2058.8438,5.1471095,196.64842,9.832421
Scomp,ScompA,7264.9277,18.16231925,307.1026,15.35513
Scomp,ScompA,4513.004,11.28251,228.01973,11.4009865
Scomp,ScompA,4317.375,10.7934375,184.45866,9.222933
Scomp,ScompA,4940.9688,12.352422,275.13632,13.756816
Scomp,ScompA,1730.3281,4.32582025,67.911705,3.39558525
Scomp,ScompA,1467.6172,3.669043,74.1485,3.707425
Scomp,ScompA,5423.297,13.5582425,230.52115,11.5260575
Scomp,ScompA,1874.9062,4.6872655,94.93682,4.746841
Scomp,ScompA,4184.6406,10.4616015,230.12389,11.5061945
Scomp,ScompA,3570.711,8.9267775,144.94136,7.247068
Scomp,ScompA,3230.2395,8.07559875,215.05814,10.752907
Scomp,ScompA,11429.512,28.57378,389.74094,19.487047
Scomp,ScompA,3315.4375,8.28859375,240.46829,12.0234145
Scomp,ScompA,6159.8906,15.3997265,322.62207,16.1311035
Scomp,ScompA,1017.0664,2.542666,38.508316,1.9254158
Scomp,ScompA,2797.2969,6.99324225,135.0592,6.75296
Scomp,ScompA,9908.0625,24.77015625,544.847,27.24235
Scomp,ScompA,2055.3125,5.13828125,192.17354,9.608677
Scomp,ScompA,2762.3203,6.90580075,90.07774,4.503887
Scomp,ScompA,1840.627,4.6015675,86.00581,4.3002905
Scomp,ScompA,6113.6875,15.28421875,257.6354,12.88177
Scomp,ScompA,4628.8203,11.57205075,242.61555,12.1307775
Scomp,ScompA,2205.105,5.5127625,138.463,6.92315
Scomp,ScompA,7274.213,18.1855325,443.85245,22.1926225
Scomp,ScompA,10777.578,26.943945,575.68915,28.7844575
Scomp,ScompA,2946.6094,7.3665235,137.76205,6.8881025
Scomp,ScompA,526.2324,1.315581,45.39824,2.269912
Scomp,ScompA,6270.0938,15.6752345,335.01343,16.7506715
Scomp,ScompA,6274.7227,15.68680675,302.0149,15.100745
Scomp,ScompA,4727.797,11.8194925,214.67418,10.733709
Scomp,ScompA,1487.9375,3.71984375,93.83042,4.691521
Scomp,ScompA,4745.358,11.863395,282.40573,14.1202865
Scomp,ScompA,6980.703,17.4517575,329.9485,16.497425
Scomp,ScompA,14518.922,36.297305,558.5195,27.925975
Scomp,ScompA,3614.336,9.03584,190.6725,9.533625
Scomp,ScompA,2457.0938,6.1427345,106.843315,5.34216575
Scomp,ScompA,3091.2578,7.7281445,164.68454,8.234227
Scomp,ScompA,7920.25,19.800625,355.53342,17.776671
Scomp,ScompA,5039.117,12.5977925,276.06702,13.803351
Scomp,ScompA,10277.828,25.69457,505.75586,25.287793
Scomp,ScompA,11058.469,27.6461725,600.8427,30.042135
Scomp,ScompA,1916.1719,4.79042975,93.74272,4.687136
Scomp,ScompA,1930.4043,4.82601075,56.61272,2.830636
Scomp,ScompA,3743.254,9.358135,235.3763,11.768815
Scomp,ScompA,3123.5781,7.80894525,157.0796,7.85398
Scomp,ScompA,2336.5312,5.841328,153.00327,7.6501635
Scomp,ScompA,3777.8047,9.44451175,221.75296,11.087648
Scomp,ScompA,4523.875,11.3096875,282.3048,14.11524
Scomp,ScompA,5576.9883,13.94247075,260.83713,13.0418565
Scomp,ScompA,10046.018,25.115045,453.0353,22.651765
Scomp,ScompA,3142.6406,7.8566015,200.63791,10.0318955
Scomp,ScompA,1621,4.0525,93.95988,4.697994
Scomp,ScompA,10948.9375,27.37234375,579.0423,28.952115
Scomp,ScompA,3678.7656,9.196914,192.27585,9.6137925
Scomp,ScompA,3616.4922,9.0412305,220.23851,11.0119255
Scomp,ScompA,3396.0483,8.49012075,187.77113,9.3885565
Scomp,ScompA,4348.047,10.8701175,182.82231,9.1411155
Scomp,ScompA,4691.8125,11.72953125,252.97629,12.6488145
Scomp,ScompA,3799.0547,9.49763675,144.09253,7.2046265
Scomp,ScompA,5542.953,13.8573825,292.097,14.60485
Scomp,ScompA,2449.0469,6.12261725,120.93387,6.0466935
Scomp,ScompA,4398.578,10.996445,224.56389,11.2281945
Scomp,ScompA,5906.74,14.76685,305.7728,15.28864
Scomp,ScompA,3588.625,8.9715625,164.62381,8.2311905
Scomp,ScompA,3910.7344,9.776836,391.24405,19.5622025
Scomp,ScompA,5233.4688,13.083672,212.9855,10.649275
Scomp,ScompA,9815.609,24.5390225,355.27118,17.763559
Scomp,ScompA,4271.7656,10.679414,221.07011,11.0535055
Scomp,ScompA,6190.6797,15.47669925,347.15128,17.357564
Scomp,ScompA,5050.5,12.62625,221.66985,11.0834925
Scomp,ScompA,2825.1733,7.06293325,146.98639,7.3493195
Scomp,ScompA,11987.027,29.9675675,485.35864,24.267932
Scomp,ScompB,11150.262,27.875655,432.12036,21.606018
Scomp,ScompB,9985.4375,24.96359375,473.2061,23.660305
Scomp,ScompB,2670.6094,6.6765235,95.015785,4.75078925
Scomp,ScompB,2374.5469,5.93636725,141.94717,7.0973585
Scomp,ScompB,10350.859,25.8771475,453.37512,22.668756
Scomp,ScompB,5604.6094,14.0115235,281.76764,14.088382
Scomp,ScompB,1939.7812,4.849453,97.73945,4.8869725
Scomp,ScompB,1195.6406,2.9891015,52.3259,2.616295
Scomp,ScompB,1918.7969,4.79699225,129.98846,6.499423
Scomp,ScompB,8550.875,21.3771875,405.8682,20.29341
Scomp,ScompB,7785.0625,19.46265625,427.07492,21.353746
Scomp,ScompB,3327.875,8.3196875,131.7118,6.58559
Scomp,ScompB,3457.1562,8.6428905,232.43279,11.6216395
Scomp,ScompB,5774.132,14.43533,258.2131,12.910655
Scomp,ScompB,5442.3027,13.60575675,220.00227,11.0001135
Scomp,ScompB,10824.844,27.06211,326.31427,16.3157135
Scomp,ScompB,7432.8984,18.582246,407.0037,20.350185
Scomp,ScompB,390.51562,0.97628905,28.84441,1.4422205
Scomp,ScompB,2270.5938,5.6764845,98.48858,4.924429
Scomp,ScompB,272.92188,0.6823047,22.472204,1.1236102
Scomp,ScompB,3048.2227,7.62055675,114.82596,5.741298
Scomp,ScompB,4114.301,10.2857525,227.37854,11.368927
Scomp,ScompB,5833.9844,14.584961,283.71994,14.185997
Scomp,ScompB,4640.5312,11.601328,315.7784,15.78892
Scomp,ScompB,2713.3047,6.78326175,111.283806,5.5641903
Scomp,ScompB,3535.2969,8.83824225,135.09256,6.754628
Scomp,ScompB,4862.1562,12.1553905,255.06862,12.753431
Scomp,ScompB,1837.5977,4.59399425,134.48048,6.724024
Scomp,ScompB,8785.391,21.9634775,332.03162,16.601581
Scomp,ScompB,3339.5703,8.34892575,172.26143,8.6130715
Scomp,ScompB,3954.5,9.88625,211.17764,10.558882
Scomp,ScompB,5131.3125,12.82828125,271.13095,13.5565475
Scomp,ScompB,3188.125,7.9703125,183.66273,9.1831365
Scomp,ScompB,3913.4844,9.783711,193.46988,9.673494
Scomp,ScompB,5930.8906,14.8272265,348.96704,17.448352
Scomp,ScompB,3533.4375,8.83359375,170.18225,8.5091125
Scomp,ScompB,2203.25,5.508125,183.72255,9.1861275
Scomp,ScompB,5036.4375,12.59109375,268.5312,13.42656
Scomp,ScompB,3155.7227,7.88930675,132.24962,6.612481
Scomp,ScompB,4530.622,11.326555,200.4495,10.022475
Scomp,ScompB,1318.1172,3.295293,121.460846,6.0730423
Scomp,ScompB,6141.8438,15.3546095,298.88626,14.944313
Scomp,ScompB,1135.25,2.838125,59.933296,2.9966648
Scomp,ScompB,1934.7119,4.83677975,85.98256,4.299128
Scomp,ScompB,6585.3906,16.4634765,239.63306,11.981653
Scomp,ScompB,2362.414,5.906035,77.23341,3.8616705
Scomp,ScompB,4797.8906,11.9947265,285.11224,14.255612
Scomp,ScompB,8834.92,22.0873,484.45535,24.2227675
Scomp,ScompB,3059.5938,7.6489845,111.463,5.57315
Scomp,ScompB,5940.2812,14.850703,301.49628,15.074814
Scomp,ScompB,6509.5,16.27375,222.26561,11.1132805
Scomp,ScompB,2415.9375,6.03984375,180.31361,9.0156805
Scomp,ScompB,12615.742,31.539355,556.1699,27.808495
Scomp,ScompB,6287.164,15.71791,390.87595,19.5437975
Scomp,ScompB,4315.5703,10.78892575,385.7214,19.28607
Scomp,ScompB,3884.243,9.7106075,222.08107,11.1040535
Scomp,ScompB,8180.625,20.4515625,426.5173,21.325865
Scomp,ScompB,4890.1875,12.22546875,238.2016,11.91008
Scomp,ScompB,4743.715,11.8592875,259.32605,12.9663025
Scomp,ScompB,4315.7266,10.7893165,229.81732,11.490866
Scomp,ScompB,7030.8438,17.5771095,404.6344,20.23172
Scomp,ScompB,3872.8125,9.68203125,188.85445,9.4427225
Scomp,ScompB,6066.754,15.166885,354.00565,17.7002825
Scomp,ScompB,5352.6406,13.3816015,294.63538,14.731769
Scomp,ScompB,3604.747,9.0118675,189.51181,9.4755905
Scomp,ScompB,8489.469,21.2236725,306.47186,15.323593
Scomp,ScompB,4857.699,12.1442475,265.1132,13.25566
Scomp,ScompB,4442.211,11.1055275,290.945,14.54725
Scomp,ScompB,7910.1562,19.7753905,179.23448,8.961724
Scomp,ScompB,2423.9219,6.05980475,116.43024,5.821512
Scomp,ScompB,12557.328,31.39332,592.8179,29.640895
Scomp,ScompB,844.375,2.1109375,79.372574,3.9686287
Scomp,ScompB,11923.059,29.8076475,591.3282,29.56641
Scomp,ScompB,8977.852,22.44463,380.13156,19.006578
Scomp,ScompB,3430.1562,8.5753905,163.95427,8.1977135
Scomp,ScompB,8335.469,20.8386725,431.41858,21.570929
Scomp,ScompB,4742.3125,11.85578125,270.65106,13.532553
Scomp,ScompB,1358.8906,3.3972265,62.272,3.1136
Scomp,ScompB,4229.2793,10.57319825,258.56796,12.928398
Scomp,ScompB,2609.2188,6.523047,88.86507,4.4432535
Scomp,ScompB,7409.8203,18.52455075,325.1169,16.255845
Scomp,ScompB,6066.883,15.1672075,302.41858,15.120929
Scomp,ScompB,5482.0234,13.7050585,247.96976,12.398488
Scomp,ScompB,3289.5,8.22375,143.83672,7.191836
Scomp,ScompB,1599.7266,3.9993165,63.03174,3.151587
Scomp,ScompB,2405.9336,6.014834,162.28987,8.1144935
Scomp,ScompB,2720.2812,6.800703,156.6046,7.83023
Scomp,ScompB,6437.0625,16.09265625,293.95578,14.697789
Scomp,ScompB,4647.0625,11.61765625,225.29092,11.264546
Scomp,ScompB,2010.5625,5.02640625,149.28162,7.464081
Scomp,ScompB,3892.3086,9.7307715,217.6834,10.88417
Scomp,ScompB,3897.0107,9.74252675,247.75795,12.3878975
Scomp,ScompB,8313.5,20.78375,365.3122,18.26561
Scomp,ScompB,4083.3438,10.2083595,181.2181,9.060905
Scomp,ScompB,5134.8438,12.8371095,157.05095,7.8525475
Scomp,ScompB,2187.6562,5.4691405,130.36104,6.518052
Scomp,ScompB,4902.203,12.2555075,262.08777,13.1043885
Scomp,ScompB,9067.781,22.6694525,437.6117,21.880585
Scomp,ScompB,2991.4766,7.4786915,136.565,6.82825
Scomp,ScompB,588.08594,1.47021485,48.548943,2.42744715
Scomp,ScompB,4246.1875,10.61546875,232.74449,11.6372245
Scomp,ScompB,3342.0469,8.35511725,151.23822,7.561911
Scomp,ScompB,861.71875,2.154296875,39.217342,1.9608671
Scomp,ScompB,3833.3125,9.58328125,116.40017,5.8200085
Scomp,ScompB,7413.0938,18.5327345,347.2247,17.361235
Scomp,ScompB,2774.3438,6.9358595,150.40279,7.5201395
Scomp,ScompB,2852.25,7.130625,159.38947,7.9694735
Scomp,ScompB,4861.6016,12.154004,255.72641,12.7863205
Scomp,ScompB,2857.914,7.144785,112.63563,5.6317815
Scomp,ScompC,2923.875,7.3096875,118.06778,5.903389
Scomp,ScompC,8446.4375,21.11609375,348.02298,17.401149
Scomp,ScompC,631.5156,1.578789,32.75668,1.637834
Scomp,ScompC,748.78125,1.871953125,34.713108,1.7356554
Scomp,ScompC,6817.5,17.04375,347.41473,17.3707365
Scomp,ScompC,3110.7812,7.776953,180.24706,9.012353
Scomp,ScompC,2480.206,6.200515,120.33287,6.0166435
Scomp,ScompC,3301.0938,8.2527345,193.20456,9.660228
Scomp,ScompC,963.2969,2.40824225,88.57095,4.4285475
Scomp,ScompC,4514.101,11.2852525,204.9195,10.245975
Scomp,ScompC,4672.2334,11.6805835,239.77698,11.988849
Scomp,ScompC,5296.172,13.24043,286.37912,14.318956
Scomp,ScompC,4040.7969,10.10199225,239.3533,11.967665
Scomp,ScompC,1223.1562,3.0578905,65,3.25
Scomp,ScompC,7824.953,19.5623825,382.47223,19.1236115
Scomp,ScompC,3824.9219,9.56230475,85,4.25
Scomp,ScompC,2211.2305,5.52807625,101.96568,5.098284
Scomp,ScompC,1509.625,3.7740625,65.76473,3.2882365
Scomp,ScompC,1013.1433,2.53285825,42.44997,2.1224985
Scomp,ScompC,2427.7148,6.069287,83.48653,4.1743265
Scomp,ScompC,4711.3027,11.77825675,227.0947,11.354735
Scomp,ScompC,1208.6406,3.0216015,77.665955,3.88329775
Scomp,ScompC,1387.0469,3.46761725,51.894123,2.59470615
Scomp,ScompC,6531.1875,16.32796875,397.24677,19.8623385
Scomp,ScompC,4134.3438,10.3358595,107.33126,5.366563
Scomp,ScompC,4063.4844,10.158711,199.2787,9.963935
Scomp,ScompC,8267.969,20.6699225,434.66998,21.733499
Scomp,ScompC,11195.434,27.988585,525.7271,26.286355
Scomp,ScompC,4419.9453,11.04986325,190.00262,9.500131
Scomp,ScompC,2333.9531,5.83488275,93.98404,4.699202
Scomp,ScompC,7514.1797,18.78544925,245.08162,12.254081
Scomp,ScompC,2903.4297,7.25857425,152.08221,7.6041105
Scomp,ScompC,3601.3047,9.00326175,160.35274,8.017637
Scomp,ScompC,997.34375,2.493359375,53.949493,2.69747465
Scomp,ScompC,1652.375,4.1309375,74.672615,3.73363075
Scomp,ScompC,7146.7383,17.86684575,345.8627,17.293135
Scomp,ScompC,1250.0312,3.125078,58.189346,2.9094673
Scomp,ScompC,1599.1016,3.997754,68.60029,3.4300145
Scomp,ScompC,3155.125,7.8878125,145.34442,7.267221
Scomp,ScompC,2692.7656,6.731914,117.32176,5.866088
Scomp,ScompC,10091.345,25.2283625,421.8827,21.094135
Scomp,ScompC,8223.0625,20.55765625,411.62363,20.5811815
Scomp,ScompC,6564.703,16.4117575,353.44165,17.6720825
Scomp,ScompC,4506.164,11.26541,165.58382,8.279191
Scomp,ScompC,1453.9893,3.63497325,73.1642,3.65821
Scomp,ScompC,4044.998,10.112495,167.1945,8.359725
Scomp,ScompC,6270.1562,15.6753905,394.92404,19.746202
Scomp,ScompC,1870.4258,4.6760645,64.25729,3.2128645
Scomp,ScompC,1444.4766,3.6111915,140.50015,7.0250075
Scomp,ScompC,2842.4316,7.106079,121.82365,6.0911825
Scomp,ScompC,204.91016,0.5122754,20.248457,1.01242285
Scomp,ScompC,4862.7188,12.156797,213.8621,10.693105
Scomp,ScompC,3025.8281,7.56457025,142.20056,7.110028
Scomp,ScompC,2600.9375,6.50234375,107.48953,5.3744765
Scomp,ScompC,2390.9297,5.97732425,125.457596,6.2728798
Scomp,ScompC,333.28906,0.83322265,34.0412,1.70206
Scomp,ScompC,2847.3984,7.118496,150.15326,7.507663
Scomp,ScompC,3350.0693,8.37517325,99.764725,4.98823625
Scomp,ScompC,1358.7539,3.39688475,57.00877,2.8504385
Scomp,ScompC,6118.625,15.2965625,366.2308,18.31154
Scomp,ScompC,5052.8516,12.632129,254.24397,12.7121985
Scomp,ScompC,548.52344,1.3713086,47.423622,2.3711811
Scomp,ScompC,2511.0781,6.27769525,177.19199,8.8595995
Scomp,ScompC,5370.8438,13.4271095,338.84067,16.9420335
Scomp,ScompC,6406.4297,16.01607425,215.24405,10.7622025
Scomp,ScompC,8136.879,20.3421975,441.76578,22.088289
Scomp,ScompC,4968.0703,12.42017575,283.13248,14.156624
Scomp,ScompC,2731.6328,6.829082,132.96992,6.648496
Scomp,ScompC,2222.0625,5.55515625,88.07383,4.4036915
Scomp,ScompC,6815,17.0375,276.99097,13.8495485
Scomp,ScompC,6616.086,16.540215,364.38715,18.2193575
Scomp,ScompC,5693,14.2325,306.11435,15.3057175
Scomp,ScompC,1952,4.88,82.85529,4.1427645
Scomp,ScompC,8428.969,21.0724225,405.92734,20.296367
Scomp,ScompC,6808.9453,17.02236325,381.36728,19.068364
Scomp,ScompC,2706.6719,6.76667975,156.3106,7.81553
Scomp,ScompC,2247.3965,5.61849125,102.59142,5.129571
Scomp,ScompC,1331.7617,3.32940425,88.68484,4.434242
Scomp,ScompC,5483.9375,13.70984375,172.58621,8.6293105
Scomp,ScompC,3449.3438,8.6233595,198.57996,9.928998
Scomp,ScompC,2050.0469,5.12511725,106.01887,5.3009435
Scomp,ScompC,4305.164,10.76291,286.76297,14.3381485
Scomp,ScompC,14316.199,35.7904975,584.0214,29.20107
Scomp,ScompC,9019.297,22.5482425,424.7211,21.236055
Scomp,ScompC,4571.1406,11.4278515,275.96014,13.798007
Scomp,ScompC,4251.5547,10.62888675,177.22867,8.8614335
Scomp,ScompC,3536.086,8.840215,160.7047,8.035235
Scomp,ScompC,1615.7812,4.039453,99.32271,4.9661355
Scomp,ScompC,2652.3828,6.630957,132.30646,6.615323
Scomp,ScompC,4617.625,11.5440625,272.8003,13.640015
Scomp,ScompC,12461.367,31.1534175,593.0978,29.65489
Scomp,ScompC,6237.3984,15.593496,226.0553,11.302765
Scomp,ScompC,2347.4297,5.86857425,124.3101,6.215505
Scomp,ScompC,2983.9375,7.45984375,182.64993,9.1324965
Scomp,ScompC,8771.769,21.9294225,401.87686,20.093843
Scomp,ScompC,2917.75,7.294375,81.154175,4.05770875
Scomp,ScompC,1485.2812,3.713203,93.62158,4.681079
Scomp,ScompC,3100.5,7.75125,94.36631,4.7183155
Scomp,ScompC,2551.2734,6.3781835,107.563934,5.3781967
Scomp,ScompC,5134.8516,12.837129,153.00327,7.6501635
Scomp,ScompC,8720.213,21.8005325,363.43088,18.171544
Scomp,ScompC,2385.2812,5.963203,97.41663,4.8708315
Scomp,ScompC,7282.8965,18.20724125,360.20688,18.010344
Scomp,ScompC,4005.039,10.0125975,175.32826,8.766413
Scomp,ScompC,1492.5625,3.73140625,71.561165,3.57805825
Scomp,ScompC,6472.4844,16.181211,302.88776,15.144388
Scomp,ScompC,8862.647,22.1566175,489.6366,24.48183
Scomp,ScompC,8800.766,22.001915,515.1233,25.756165
Scomp,ScompC,3466.25,8.665625,84.693565,4.23467825
Scomp,ScompC,8300.637,20.7515925,399.73117,19.9865585
Scomp,ScompC,3048.0156,7.620039,115.36464,5.768232
Scomp,ScompC,3628.7812,9.071953,165.68042,8.284021
Scomp,ScompC,6489.9766,16.2249415,350.17853,17.5089265
Scomp,ScompC,8210.076,20.52519,364.5888,18.22944
Scomp,ScompC,10889.797,27.2244925,441.01813,22.0509065
Scomp,ScompC,2066.3438,5.1658595,94.04786,4.702393
Scomp,ScompC,6806.172,17.01543,403.031,20.15155
Scomp,ScompC,783.2969,1.95824225,78.41054,3.920527
Scomp,ScompC,12210.793,30.5269825,640.7152,32.03576
Scomp,ScompC,5062.0312,12.655078,231.07791,11.5538955
Scomp,ScompC,729.3125,1.82328125,49.0408,2.45204
Scomp,ScompC,5134.794,12.836985,237.22774,11.861387
Scomp,ScompC,2384.6602,5.9616505,119.62023,5.9810115
Scomp,ScompC,8015.453,20.0386325,385.9663,19.298315
Scomp,ScompC,3712.125,9.2803125,178.02528,8.901264
Scomp,ScompC,3320.6895,8.30172375,205.8786,10.29393
Scomp,ScompC,4704.992,11.76248,238.87234,11.943617
Scomp,ScompC,2087.2617,5.21815425,148.24641,7.4123205
Scomp,ScompC,8869.75,22.174375,503.6606,25.18303
Scomp,ScompC,308.1172,0.770293,41.18252,2.059126
Scomp,ScompC,410.79688,1.0269922,29.206163,1.46030815
Scomp,ScompC,1561.5938,3.9039845,87.09765,4.3548825
Scomp,ScompC,4163.5625,10.40890625,205.92232,10.296116
Scomp,ScompD,10250.1875,25.62546875,472.2891,23.614455
Scomp,ScompD,2858.1719,7.14542975,206.01456,10.300728
Scomp,ScompD,7531.1875,18.82796875,373.45013,18.6725065
Scomp,ScompD,7539.229,18.8480725,362.86224,18.143112
Scomp,ScompD,2677.0156,6.692539,146.74127,7.3370635
Scomp,ScompD,14199.484,35.49871,613.8485,30.692425
Scomp,ScompD,4667.297,11.6682425,214.55302,10.727651
Scomp,ScompD,3156.0547,7.89013675,131.60547,6.5802735
Scomp,ScompD,7697.375,19.2434375,408.47644,20.423822
Scomp,ScompD,2644.7812,6.611953,90.91754,4.545877
Scomp,ScompD,2422.0156,6.055039,108.24047,5.4120235
Scomp,ScompD,4218.6133,10.54653325,190.16309,9.5081545
Scomp,ScompD,5851.383,14.6284575,287.12366,14.356183
Scomp,ScompD,3934.8096,9.837024,205.36066,10.268033
Scomp,ScompD,1133.0156,2.832539,75.13322,3.756661
Scomp,ScompD,9226.547,23.0663675,390.4062,19.52031
Scomp,ScompD,322.72266,0.80680665,24.698177,1.23490885
Scomp,ScompD,2081.8477,5.20461925,96.74709,4.8373545
Scomp,ScompD,2437.289,6.0932225,107.35455,5.3677275
Scomp,ScompD,4367.8125,10.91953125,278.2966,13.91483
Scomp,ScompD,9830.152,24.57538,481.27332,24.063666
Scomp,ScompD,1736.3047,4.34076175,80.622574,4.0311287
Scomp,ScompD,7354.3125,18.38578125,338.33267,16.9166335
Scomp,ScompD,1523.4844,3.808711,58.258045,2.91290225
Scomp,ScompD,8762.463,21.9061575,523.68695,26.1843475
Scomp,ScompD,2564.3398,6.4108495,166.70934,8.335467
Scomp,ScompD,10007.484,25.01871,440.52014,22.026007
Scomp,ScompD,3737.918,9.344795,194.13913,9.7069565
Scomp,ScompD,8604.477,21.5111925,432.03357,21.6016785
Scomp,ScompD,5287.0703,13.21767575,241.76021,12.0880105
Scomp,ScompD,3992.4062,9.9810155,132.00378,6.600189
Scomp,ScompD,970.77344,2.4269336,45.221676,2.2610838
Scomp,ScompD,3747.25,9.368125,174.89711,8.7448555
Scomp,ScompD,1965.4688,4.913672,135.47325,6.7736625
Scomp,ScompD,2666.6914,6.6667285,134.20134,6.710067
Scomp,ScompD,9006,22.515,286.53098,14.326549
Scomp,ScompD,2682.2007,6.70550175,82.219215,4.11096075
Scomp,ScompD,3854.6562,9.6366405,281.44272,14.072136
Scomp,ScompD,5041.1562,12.6028905,165.60495,8.2802475
Scomp,ScompD,2312.875,5.7821875,162.01234,8.100617
Scomp,ScompD,8174.461,20.4361525,464.2844,23.21422
Scomp,ScompD,14514.398,36.285995,520.999,26.04995
Scomp,ScompD,7980.3467,19.95086675,446.91946,22.345973
Scomp,ScompD,2565.3672,6.413418,125.53884,6.276942
Scomp,ScompD,5795.9375,14.48984375,333.1141,16.655705
Scomp,ScompD,3302.746,8.256865,181.66452,9.083226
Scomp,ScompD,7095.453,17.7386325,375.72864,18.786432
Scomp,ScompD,2233.8594,5.5846485,93.214806,4.6607403
Scomp,ScompD,6044.836,15.11209,429.33087,21.4665435
Scomp,ScompD,8793.012,21.98253,447.64383,22.3821915
Scomp,ScompD,8578.805,21.4470125,503.8343,25.191715
Scomp,ScompD,6651.7188,16.629297,403.53687,20.1768435
Scomp,ScompD,5342.2344,13.355586,240.68445,12.0342225
Scomp,ScompD,2763.0408,6.907602,164.46884,8.223442
Scomp,ScompD,3095.2188,7.738047,185.88437,9.2942185
Scomp,ScompD,6325.2676,15.813169,311.43057,15.5715285
Scomp,ScompD,6622,16.555,377.78564,18.889282
Scomp,ScompD,7975.3203,19.93830075,420.22018,21.011009
Scomp,ScompD,1964.5938,4.9114845,151.55856,7.577928
Scomp,ScompD,9459.695,23.6492375,465.61142,23.280571
Scomp,ScompD,17820.32,44.5508,562.6482,28.13241
Scomp,ScompD,5626.3086,14.0657715,336.63037,16.8315185
Scomp,ScompD,3131.4893,7.82872325,194.3116,9.71558
Scomp,ScompD,2951.6016,7.379004,102.48902,5.124451
Scomp,ScompD,10659.516,26.64879,611.0884,30.55442
Scomp,ScompD,12344.172,30.86043,481.48624,24.074312
Scomp,ScompD,5190.9844,12.977461,340.78146,17.039073
Scomp,ScompD,3222.1094,8.0552735,181.39735,9.0698675
Scomp,ScompD,3815.836,9.53959,255.76552,12.788276
Scomp,ScompD,4089.9844,10.224961,196.91876,9.845938
Scomp,ScompD,2900.7578,7.2518945,133.70116,6.685058
Scomp,ScompD,2222.0122,5.5550305,118.810776,5.9405388
Scomp,ScompD,2069.2803,5.17320075,122.03688,6.101844
Scomp,ScompD,6959.172,17.39793,339.69986,16.984993
Scomp,ScompD,3331.5588,8.328897,227.79376,11.389688
Scomp,ScompD,5914.2227,14.78555675,323.90277,16.1951385
Scomp,ScompD,8237.008,20.59252,504.9287,25.246435
Scomp,ScompD,8635.83,21.589575,471.24622,23.562311
Scomp,ScompD,8659.148,21.64787,316.0775,15.803875
Scomp,ScompD,4487.667,11.2191675,272.04596,13.602298
Scomp,ScompD,4710.0938,11.7752345,198.0707,9.903535
Scomp,ScompD,3266.6562,8.1666405,202.8916,10.14458
Scomp,ScompD,1018.125,2.5453125,62.39391,3.1196955
Scomp,ScompD,11069.445,27.6736125,470.53268,23.526634
Scomp,ScompD,4234.047,10.5851175,256.63202,12.831601
Scomp,ScompD,2056.2812,5.140703,105.42296,5.271148
Scomp,ScompD,2146.8828,5.367207,82.1523,4.107615
Scomp,ScompD,3858.3438,9.6458595,152.31546,7.615773
Scomp,ScompD,1865.4688,4.663672,66.88796,3.344398
Scomp,ScompD,3499.1562,8.7478905,155.63097,7.7815485
Scomp,ScompD,4918.381,12.2959525,291.6059,14.580295
Scomp,ScompD,3040.4893,7.60122325,166.8832,8.34416
Scomp,ScompD,3876.336,9.69084,210.9526,10.54763
Scomp,ScompD,2975.5352,7.438838,173.31186,8.665593
Scomp,ScompD,6760.539,16.9013475,366.65244,18.332622
Scomp,ScompD,6046.2734,15.1156835,402.7828,20.13914
Scomp,ScompD,4716.4375,11.79109375,140.40656,7.020328
Scomp,ScompD,4391.797,10.9794925,195.1256,9.75628
Scomp,ScompD,1592.0469,3.98011725,59.908264,2.9954132
Scomp,ScompD,5579.7266,13.9493165,284.62256,14.231128
Scomp,ScompD,4233.416,10.58354,216.36311,10.8181555
Scomp,ScompD,4845.4297,12.11357425,283.02826,14.151413
Scomp,ScompD,2914.0625,7.28515625,142.17242,7.108621
Scomp,ScompD,5398.375,13.4959375,188.28171,9.4140855
Scomp,ScompD,3336.8906,8.3422265,174.64249,8.7321245
Scomp,ScompD,3580.7578,8.9518945,190.39433,9.5197165
Scomp,ScompD,5644.3438,14.1108595,232.01077,11.6005385
Scomp,ScompD,3475,8.6875,222.94843,11.1474215
Scomp,ScompD,254.53125,0.636328125,26.41969,1.3209845
Scomp,ScompD,8107.7734,20.2694335,400.8391,20.041955
Scomp,ScompD,625.6719,1.56417975,45.39824,2.269912
Scomp,ScompD,7456.2383,18.64059575,247.19627,12.3598135
Scomp,ScompD,6202.965,15.5074125,336.8798,16.84399
Scomp,ScompD,6525.7812,16.314453,432.30197,21.6150985
Scomp,ScompD,242.5,0.60625,25,1.25
Scomp,ScompD,4534.8438,11.3371095,262.3833,13.119165
Scomp,ScompD,4663.3574,11.6583935,149.81656,7.490828
Scomp,ScompD,3822.707,9.5567675,244.26625,12.2133125
Scomp,ScompD,4564.961,11.4124025,252.10513,12.6052565
Scomp,ScompD,4572.4062,11.4310155,262.05344,13.102672
Scomp,ScompD,3304.25,8.260625,176.47662,8.823831
Scomp,ScompD,3727.961,9.3199025,205.779,10.28895
Scomp,ScompD,7047.539,17.6188475,440.3317,22.016585
Scomp,ScompD,8422.422,21.056055,335.52942,16.776471
Scomp,ScompD,420.125,1.0503125,27.202942,1.3601471
Scomp,ScompD,3892.3203,9.73080075,211.10187,10.5550935
Scomp,ScompD,2710.5703,6.77642575,157.15598,7.857799
Scomp,ScompD,1639.2656,4.098164,98.0816,4.90408
Scomp,ScompD,4942.543,12.3563575,139.17615,6.9588075
Scomp,ScompD,1642.1211,4.10530275,56.568542,2.8284271
Scomp,ScompD,3478.5059,8.69626475,247.38835,12.3694175
Scomp,ScompD,5119.0156,12.797539,304.17923,15.2089615
Scomp,ScompD,7113.914,17.784785,411.01096,20.550548
Scomp,ScompD,8558.6875,21.39671875,500.37286,25.018643
Scomp,ScompD,4603.8438,11.5096095,227.75865,11.3879325
Scomp,ScompD,3916.1094,9.7902735,213.04694,10.652347
Scomp,ScompD,1349.375,3.3734375,100.84642,5.042321
Scomp,ScompD,11612.258,29.030645,500.18896,25.009448
Scomp,ScompD,11138.037,27.8450925,510.7103,25.535515
Scomp,ScompD,8252.344,20.63086,184.44783,9.2223915
Scomp,ScompD,1978.2305,4.94557625,73.38937,3.6694685
Scomp,ScompD,706.0469,1.76511725,41.617306,2.0808653
Scomp,ScompD,1374.4924,3.436231,93.0215,4.651075
Scomp,ScompD,9785.125,24.4628125,386.80356,19.340178
Scomp,ScompD,4428.0312,11.070078,131.01526,6.550763
Scomp,ScompD,10938.609,27.3465225,581.8058,29.09029
Scomp,ScompD,8634.414,21.586035,570.7057,28.535285
Scomp,ScompD,5040.125,12.6003125,296.1081,14.805405
Scomp,ScompD,8024.3438,20.0608595,501.84558,25.092279
Scomp,ScompD,10730.484,26.82621,542.93,27.1465
Scomp,ScompD,1476.2969,3.69074225,61.854668,3.0927334
Scomp,ScompD,3608.6875,9.02171875,226.612,11.3306
Scomp,ScompD,3056.3438,7.6408595,193.82982,9.691491
Scomp,ScompD,5751.5,14.37875,407.94238,20.397119
Scomp,ScompD,8631.648,21.57912,368.13583,18.4067915
Scomp,ScompD,3591.5781,8.97894525,241.77882,12.088941
Scomp,ScompD,5960.1465,14.90036625,171.65663,8.5828315
Scomp,ScompD,1476.3828,3.690957,59.03389,2.9516945
Scomp,ScompD,5166.2812,12.915703,316.20404,15.810202
Scomp,ScompD,4773.0312,11.932578,283.9331,14.196655
Scomp,ScompD,1890.4375,4.72609375,71.5891,3.579455
Scomp,ScompD,3409.0156,8.522539,262.3776,13.11888
Scomp,ScompD,6379.6797,15.94919925,283.4784,14.17392
Scomp,ScompD,9316.422,23.291055,247.29132,12.364566
Scomp,ScompD,2989.0742,7.4726855,164.2833,8.214165
Scomp,ScompD,3194.4219,7.98605475,233.77339,11.6886695
Scomp,ScompD,4079.125,10.1978125,299.17386,14.958693
Scomp,ScompD,2700.8145,6.75203625,113.0177,5.650885
Scomp,ScompD,5329.703,13.3242575,183.22118,9.161059
Scomp,ScompD,4395.4844,10.988711,201.80437,10.0902185
Scomp,ScompD,8905.469,22.2636725,514.57263,25.7286315
Scomp,ScompD,10493.953,26.2348825,299.02008,14.951004